2026-09-15T07:45:24.391490+01:00 11LSZbook kernel: scsi 0:0:0:6: Direct-Access     Msft     Virtual Disk     1.0  PQ: 0 ANSI: 5
2026-09-15T07:45:24.399499+01:00 11LSZbook kernel: sd 0:0:0:6: Attached scsi generic sg6 type 0
2026-09-15T07:45:24.403508+01:00 11LSZbook kernel: sd 0:0:0:6: [sdg] 2147483648 512-byte logical blocks: (1.10 TB/1.00 TiB)
2026-09-15T07:45:24.403559+01:00 11LSZbook kernel: sd 0:0:0:6: [sdg] 4096-byte physical blocks
2026-09-15T07:45:24.403560+01:00 11LSZbook kernel: sd 0:0:0:6: [sdg] Write Protect is off
2026-09-15T07:45:24.403561+01:00 11LSZbook kernel: sd 0:0:0:6: [sdg] Mode Sense: 0f 00 00 00
2026-09-15T07:45:24.403562+01:00 11LSZbook kernel: sd 0:0:0:6: [sdg] Write cache: enabled, read cache: enabled, doesn't support DPO or FUA
2026-09-15T07:45:24.403562+01:00 11LSZbook kernel: /dev/sdg: Can't lookup blockdev
2026-09-15T07:45:24.435548+01:00 11LSZbook kernel: sd 0:0:0:6: [sdg] Attached SCSI disk
2026-09-15T07:45:24.443537+01:00 11LSZbook kernel: EXT4-fs (sdg): mounted filesystem ea3824df-cfbb-4a4f-9524-27210ae0c2e1 r/w with ordered data mode. Quota mode: none.
2026-09-15T07:45:24.836381+01:00 11LSZbook kernel: misc dxg: dxgk: dxgkio_is_feature_enabled: Ioctl failed: -22
2026-09-15T07:45:24.846697+01:00 11LSZbook kernel: misc dxg: dxgk: dxgkio_query_adapter_info: Ioctl failed: -22
2026-09-15T07:45:24.865344+01:00 11LSZbook kernel: message repeated 2 times: [ misc dxg: dxgk: dxgkio_query_adapter_info: Ioctl failed: -22]
2026-09-15T07:45:24.865379+01:00 11LSZbook kernel: misc dxg: dxgk: dxgkio_query_adapter_info: Ioctl failed: -2
2026-09-15T07:45:24.889281+01:00 11LSZbook kernel: misc dxg: dxgk: dxgkio_query_adapter_info: Ioctl failed: -22
2026-09-15T07:45:24.897266+01:00 11LSZbook kernel: message repeated 2 times: [ misc dxg: dxgk: dxgkio_query_adapter_info: Ioctl failed: -22]
2026-09-15T07:45:24.908672+01:00 11LSZbook kernel: misc dxg: dxgk: dxgkio_query_adapter_info: Ioctl failed: -2
2026-09-15T07:45:52.175183+01:00 11LSZbook kernel: hv_balloon: Max. dynamic memory size: 16200 MB
2026-09-15T07:47:00.153120+01:00 11LSZbook kernel: device offline error, dev sdc, sector 0 op 0x1:(WRITE) flags 0x800 phys_seg 0 prio class 2
2026-09-15T07:47:00.181445+01:00 11LSZbook kernel: message repeated 2 times: [ device offline error, dev sdc, sector 0 op 0x1:(WRITE) flags 0x800 phys_seg 0 prio class 2]
2026-09-15T07:47:00.261775+01:00 11LSZbook kernel: EXT4-fs (sdc): shut down requested (2)
2026-09-15T07:47:00.261834+01:00 11LSZbook kernel: Aborting journal on device sdc-8.
2026-09-15T07:47:00.261836+01:00 11LSZbook kernel: device offline error, dev sdc, sector 1073479680 op 0x1:(WRITE) flags 0x9800 phys_seg 1 prio class 2
2026-09-15T07:47:00.265939+01:00 11LSZbook kernel: device offline error, dev sdc, sector 1073479680 op 0x1:(WRITE) flags 0x9800 phys_seg 1 prio class 2
2026-09-15T07:47:00.265949+01:00 11LSZbook kernel: Buffer I/O error on dev sdc, logical block 134184960, lost sync page write
2026-09-15T07:47:00.265982+01:00 11LSZbook kernel: JBD2: I/O error when updating journal superblock for sdc-8.
2026-09-15T07:47:00.321067+01:00 11LSZbook kernel: sd 0:0:0:2: [sdc] Synchronizing SCSI cache
2026-09-15T07:47:17.385505+01:00 11LSZbook kernel: EXT4-fs (sdc): unmounting filesystem 324e0566-2a15-409f-a440-3c600cdbfb3f.
2026-09-15T07:47:17.389097+01:00 11LSZbook kernel: EXT4-fs (sdd): unmounting filesystem b5ab0d4c-5f1e-4965-94e7-acda07f4b1d2.
2026-09-15T07:47:17.661223+01:00 11LSZbook kernel: EXT4-fs (sde): unmounting filesystem de62f83d-5d77-47ad-99f0-fe1303dbf4a4.
2026-09-15T07:55:04.249145+01:00 11LSZbook kernel: mini_init (205): drop_caches: 1
2026-09-15T08:40:47.627130+01:00 11LSZbook kernel: hv_utils: TimeSync IC version 4.0
2026-09-15T08:50:09.501259+01:00 11LSZbook kernel: hv_utils: TimeSync IC version 4.0
2026-09-15T09:00:30.129462+01:00 11LSZbook kernel: hv_utils: TimeSync IC version 4.0
2026-09-15T09:19:23.417185+01:00 11LSZbook kernel: EXT4-fs (sde): mounted filesystem de62f83d-5d77-47ad-99f0-fe1303dbf4a4 r/w with ordered data mode. Quota mode: none.
2026-09-15T09:19:24.381139+01:00 11LSZbook kernel: misc dxg: dxgk: dxgkio_is_feature_enabled: Ioctl failed: -22
2026-09-15T09:19:24.385355+01:00 11LSZbook kernel: misc dxg: dxgk: dxgkio_query_adapter_info: Ioctl failed: -22
2026-09-15T09:19:24.389177+01:00 11LSZbook kernel: message repeated 2 times: [ misc dxg: dxgk: dxgkio_query_adapter_info: Ioctl failed: -22]
2026-09-15T09:19:24.389188+01:00 11LSZbook kernel: misc dxg: dxgk: dxgkio_query_adapter_info: Ioctl failed: -2
2026-09-15T09:19:24.393688+01:00 11LSZbook kernel: misc dxg: dxgk: dxgkio_query_adapter_info: Ioctl failed: -22
2026-09-15T09:19:24.393740+01:00 11LSZbook kernel: message repeated 2 times: [ misc dxg: dxgk: dxgkio_query_adapter_info: Ioctl failed: -22]
2026-09-15T09:19:24.397017+01:00 11LSZbook kernel: misc dxg: dxgk: dxgkio_query_adapter_info: Ioctl failed: -2
2026-09-15T09:19:24.533035+01:00 11LSZbook kernel: EXT4-fs (sdd): mounted filesystem b5ab0d4c-5f1e-4965-94e7-acda07f4b1d2 r/w with ordered data mode. Quota mode: none.
2026-09-15T09:19:24.861084+01:00 11LSZbook kernel: misc dxg: dxgk: dxgkio_is_feature_enabled: Ioctl failed: -22
2026-09-15T09:19:24.865437+01:00 11LSZbook kernel: misc dxg: dxgk: dxgkio_query_adapter_info: Ioctl failed: -22
2026-09-15T09:19:24.865491+01:00 11LSZbook kernel: message repeated 2 times: [ misc dxg: dxgk: dxgkio_query_adapter_info: Ioctl failed: -22]
2026-09-15T09:19:24.870082+01:00 11LSZbook kernel: misc dxg: dxgk: dxgkio_query_adapter_info: Ioctl failed: -2
2026-09-15T09:19:24.870129+01:00 11LSZbook kernel: misc dxg: dxgk: dxgkio_query_adapter_info: Ioctl failed: -22
2026-09-15T09:19:24.873918+01:00 11LSZbook kernel: message repeated 2 times: [ misc dxg: dxgk: dxgkio_query_adapter_info: Ioctl failed: -22]
2026-09-15T09:19:24.873919+01:00 11LSZbook kernel: misc dxg: dxgk: dxgkio_query_adapter_info: Ioctl failed: -2
2026-09-15T09:19:39.537124+01:00 11LSZbook kernel: EXT4-fs (sde): unmounting filesystem de62f83d-5d77-47ad-99f0-fe1303dbf4a4.
2026-09-15T09:19:39.813122+01:00 11LSZbook kernel: EXT4-fs (sdd): unmounting filesystem b5ab0d4c-5f1e-4965-94e7-acda07f4b1d2.
2026-09-15T11:55:44.957448+01:00 11LSZbook kernel: Linux version 6.18.33.2-microsoft-standard-WSL2 (root@f1bbfb02316b) (gcc (GCC) 13.2.0, GNU ld (GNU Binutils) 2.41) #1 SMP PREEMPT_DYNAMIC Thu Jun 18 21:54:43 UTC 2026
2026-09-15T11:55:44.959520+01:00 11LSZbook kernel: Command line: initrd=\initrd.img WSL_ROOT_INIT=1 panic=-1 nr_cpus=20 hv_utils.timesync_implicit=1 console=hvc0 debug pty.legacy_count=0 WSL_ENABLE_CRASH_DUMP=1
2026-09-15T11:55:44.959529+01:00 11LSZbook kernel: KERNEL supported cpus:
2026-09-15T11:55:44.959531+01:00 11LSZbook kernel:   Intel GenuineIntel
2026-09-15T11:55:44.959532+01:00 11LSZbook kernel:   AMD AuthenticAMD
2026-09-15T11:55:44.959532+01:00 11LSZbook kernel: BIOS-provided physical RAM map:
2026-09-15T11:55:44.959533+01:00 11LSZbook kernel: BIOS-e820: [mem 0x0000000000000000-0x000000000009ffff] usable
2026-09-15T11:55:44.959544+01:00 11LSZbook kernel: BIOS-e820: [mem 0x00000000000e0000-0x00000000000e0fff] reserved
2026-09-15T11:55:44.959547+01:00 11LSZbook kernel: BIOS-e820: [mem 0x0000000000100000-0x00000000001fffff] ACPI data
2026-09-15T11:55:44.959549+01:00 11LSZbook kernel: BIOS-e820: [mem 0x0000000000200000-0x00000000f7ffffff] usable
2026-09-15T11:55:44.959549+01:00 11LSZbook kernel: BIOS-e820: [mem 0x0000000100000000-0x00000003fc7fffff] usable
2026-09-15T11:55:44.959551+01:00 11LSZbook kernel: NX (Execute Disable) protection: active
2026-09-15T11:55:44.959551+01:00 11LSZbook kernel: APIC: Static calls initialized
2026-09-15T11:55:44.959557+01:00 11LSZbook kernel: DMI not present or invalid.
2026-09-15T11:55:44.959560+01:00 11LSZbook kernel: Hypervisor detected: Microsoft Hyper-V
2026-09-15T11:55:44.959561+01:00 11LSZbook kernel: Hyper-V: privilege flags low 0xae7f, high 0x3b8030, ext 0x42, hints 0x9a4e24, misc 0xe0bed7b2
2026-09-15T11:55:44.959563+01:00 11LSZbook kernel: Hyper-V: Nested features: 0x3e0101
2026-09-15T11:55:44.959563+01:00 11LSZbook kernel: Hyper-V: LAPIC Timer Frequency: 0xc3500
2026-09-15T11:55:44.959564+01:00 11LSZbook kernel: Hyper-V: Using hypercall for remote TLB flush
2026-09-15T11:55:44.959570+01:00 11LSZbook kernel: clocksource: hyperv_clocksource_tsc_page: mask: 0xffffffffffffffff max_cycles: 0x24e6a1710, max_idle_ns: 440795202120 ns
2026-09-15T11:55:44.959573+01:00 11LSZbook kernel: clocksource: hyperv_clocksource_msr: mask: 0xffffffffffffffff max_cycles: 0x24e6a1710, max_idle_ns: 440795202120 ns
2026-09-15T11:55:44.959574+01:00 11LSZbook kernel: tsc: Detected 2918.413 MHz processor
2026-09-15T11:55:44.959670+01:00 11LSZbook kernel: e820: update [mem 0x00000000-0x00000fff] usable ==> reserved
2026-09-15T11:55:44.959673+01:00 11LSZbook kernel: e820: remove [mem 0x000a0000-0x000fffff] usable
2026-09-15T11:55:44.959674+01:00 11LSZbook kernel: last_pfn = 0x3fc800 max_arch_pfn = 0x400000000
2026-09-15T11:55:44.959684+01:00 11LSZbook kernel: MTRR map: 5 entries (4 fixed + 1 variable; max 20), built from 8 variable MTRRs
2026-09-15T11:55:44.959686+01:00 11LSZbook kernel: x86/PAT: Configuration [0-7]: WB  WC  UC- UC  WB  WP  UC- WT  
2026-09-15T11:55:44.959686+01:00 11LSZbook kernel: last_pfn = 0xf8000 max_arch_pfn = 0x400000000
2026-09-15T11:55:44.959690+01:00 11LSZbook kernel: Using GB pages for direct mapping
2026-09-15T11:55:44.959690+01:00 11LSZbook kernel: RAMDISK: [mem 0x04beb000-0x04e9ffff]
2026-09-15T11:55:44.959691+01:00 11LSZbook kernel: ACPI: Early table checksum verification disabled
2026-09-15T11:55:44.959692+01:00 11LSZbook kernel: ACPI: RSDP 0x00000000000E0000 000024 (v02 VRTUAL)
2026-09-15T11:55:44.959697+01:00 11LSZbook kernel: ACPI: XSDT 0x0000000000100000 000044 (v01 VRTUAL MICROSFT 00000001 MSFT 00000001)
2026-09-15T11:55:44.959710+01:00 11LSZbook kernel: ACPI: FACP 0x0000000000101000 000114 (v06 VRTUAL MICROSFT 00000001 MSFT 00000001)
2026-09-15T11:55:44.960306+01:00 11LSZbook kernel: ACPI: DSDT 0x00000000001011B8 01E11C (v02 MSFTVM DSDT01   00000001 INTL 20230628)
2026-09-15T11:55:44.960312+01:00 11LSZbook kernel: ACPI: FACS 0x0000000000101114 000040
2026-09-15T11:55:44.960314+01:00 11LSZbook kernel: ACPI: OEM0 0x0000000000101154 000064 (v01 VRTUAL MICROSFT 00000001 MSFT 00000001)
2026-09-15T11:55:44.960315+01:00 11LSZbook kernel: ACPI: SRAT 0x000000000011F2D4 0003F0 (v02 VRTUAL MICROSFT 00000001 MSFT 00000001)
2026-09-15T11:55:44.960327+01:00 11LSZbook kernel: ACPI: APIC 0x000000000011F6C4 0000E8 (v04 VRTUAL MICROSFT 00000001 MSFT 00000001)
2026-09-15T11:55:44.960330+01:00 11LSZbook kernel: ACPI: Reserving FACP table memory at [mem 0x101000-0x101113]
2026-09-15T11:55:44.960330+01:00 11LSZbook kernel: ACPI: Reserving DSDT table memory at [mem 0x1011b8-0x11f2d3]
2026-09-15T11:55:44.960331+01:00 11LSZbook kernel: ACPI: Reserving FACS table memory at [mem 0x101114-0x101153]
2026-09-15T11:55:44.960331+01:00 11LSZbook kernel: ACPI: Reserving OEM0 table memory at [mem 0x101154-0x1011b7]
2026-09-15T11:55:44.960332+01:00 11LSZbook kernel: ACPI: Reserving SRAT table memory at [mem 0x11f2d4-0x11f6c3]
2026-09-15T11:55:44.960332+01:00 11LSZbook kernel: ACPI: Reserving APIC table memory at [mem 0x11f6c4-0x11f7ab]
2026-09-15T11:55:44.960338+01:00 11LSZbook kernel: ACPI: SRAT: Node 0 PXM 0 [mem 0x00000000-0xf7ffffff] hotplug
2026-09-15T11:55:44.960340+01:00 11LSZbook kernel: ACPI: SRAT: Node 0 PXM 0 [mem 0x100000000-0x3fc7fffff] hotplug
2026-09-15T11:55:44.960340+01:00 11LSZbook kernel: ACPI: SRAT: Node 0 PXM 0 [mem 0x3fc800000-0x9ffdfffff] hotplug
2026-09-15T11:55:44.960341+01:00 11LSZbook kernel: ACPI: SRAT: Node 0 PXM 0 [mem 0x1000000000-0xffffffffff] hotplug
2026-09-15T11:55:44.960341+01:00 11LSZbook kernel: ACPI: SRAT: Node 0 PXM 0 [mem 0x10000000000-0x1ffffffffff] hotplug
2026-09-15T11:55:44.960342+01:00 11LSZbook kernel: ACPI: SRAT: Node 0 PXM 0 [mem 0x20000000000-0x3ffffffffff] hotplug
2026-09-15T11:55:44.960347+01:00 11LSZbook kernel: ACPI: SRAT: Node 0 PXM 0 [mem 0x40000000000-0x7ffffffffff] hotplug
2026-09-15T11:55:44.960352+01:00 11LSZbook kernel: ACPI: SRAT: Node 0 PXM 0 [mem 0x80000000000-0xfffffffffff] hotplug
2026-09-15T11:55:44.960352+01:00 11LSZbook kernel: ACPI: SRAT: Node 0 PXM 0 [mem 0x100000000000-0x1fffffffffff] hotplug
2026-09-15T11:55:44.960354+01:00 11LSZbook kernel: ACPI: SRAT: Node 0 PXM 0 [mem 0x200000000000-0x3fffffffffff] hotplug
2026-09-15T11:55:44.960355+01:00 11LSZbook kernel: ACPI: SRAT: Node 0 PXM 0 [mem 0x400000000000-0x7fffffffffff] hotplug
2026-09-15T11:55:44.960356+01:00 11LSZbook kernel: ACPI: SRAT: Node 0 PXM 0 [mem 0x800000000000-0xffffffffffff] hotplug
2026-09-15T11:55:44.960489+01:00 11LSZbook kernel: ACPI: SRAT: Node 0 PXM 0 [mem 0x1000000000000-0x1ffffffffffff] hotplug
2026-09-15T11:55:44.960499+01:00 11LSZbook kernel: ACPI: SRAT: Node 0 PXM 0 [mem 0x2000000000000-0x3ffffffffffff] hotplug
2026-09-15T11:55:44.960501+01:00 11LSZbook kernel: ACPI: SRAT: Node 0 PXM 0 [mem 0x4000000000000-0x7ffffffffffff] hotplug
2026-09-15T11:55:44.960501+01:00 11LSZbook kernel: ACPI: SRAT: Node 0 PXM 0 [mem 0x8000000000000-0xfffffffffffff] hotplug
2026-09-15T11:55:44.960502+01:00 11LSZbook kernel: NUMA: Node 0 [mem 0x00001000-0xf7ffffff] + [mem 0x100000000-0x3fc7fffff] -> [mem 0x00001000-0x3fc7fffff]
2026-09-15T11:55:44.960503+01:00 11LSZbook kernel: NODE_DATA(0) allocated [mem 0x3fc7de300-0x3fc7fffff]
2026-09-15T11:55:44.960506+01:00 11LSZbook kernel: Zone ranges:
2026-09-15T11:55:44.960515+01:00 11LSZbook kernel:   DMA32    [mem 0x0000000000001000-0x00000000ffffffff]
2026-09-15T11:55:44.960518+01:00 11LSZbook kernel:   Normal   [mem 0x0000000100000000-0x00000003fc7fffff]
2026-09-15T11:55:44.960519+01:00 11LSZbook kernel:   Device   empty
2026-09-15T11:55:44.960519+01:00 11LSZbook kernel: Movable zone start for each node
2026-09-15T11:55:44.960520+01:00 11LSZbook kernel: Early memory node ranges
2026-09-15T11:55:44.960521+01:00 11LSZbook kernel:   node   0: [mem 0x0000000000001000-0x000000000009ffff]
2026-09-15T11:55:44.960526+01:00 11LSZbook kernel:   node   0: [mem 0x0000000000200000-0x00000000f7ffffff]
2026-09-15T11:55:44.960528+01:00 11LSZbook kernel:   node   0: [mem 0x0000000100000000-0x00000003fc7fffff]
2026-09-15T11:55:44.960529+01:00 11LSZbook kernel: Initmem setup node 0 [mem 0x0000000000001000-0x00000003fc7fffff]
2026-09-15T11:55:44.960529+01:00 11LSZbook kernel: On node 0, zone DMA32: 1 pages in unavailable ranges
2026-09-15T11:55:44.960530+01:00 11LSZbook kernel: On node 0, zone DMA32: 352 pages in unavailable ranges
2026-09-15T11:55:44.960531+01:00 11LSZbook kernel: On node 0, zone Normal: 14336 pages in unavailable ranges
2026-09-15T11:55:44.960536+01:00 11LSZbook kernel: ACPI: PM-Timer IO Port: 0x408
2026-09-15T11:55:44.961018+01:00 11LSZbook kernel: ACPI: LAPIC_NMI (acpi_id[0x01] dfl dfl lint[0x1])
2026-09-15T11:55:44.961026+01:00 11LSZbook kernel: IOAPIC[0]: apic_id 20, version 17, address 0xfec00000, GSI 0-23
2026-09-15T11:55:44.961028+01:00 11LSZbook kernel: ACPI: INT_SRC_OVR (bus 0 bus_irq 9 global_irq 9 high level)
2026-09-15T11:55:44.961028+01:00 11LSZbook kernel: ACPI: Using ACPI (MADT) for SMP configuration information
2026-09-15T11:55:44.961029+01:00 11LSZbook kernel: TSC deadline timer available
2026-09-15T11:55:44.961030+01:00 11LSZbook kernel: CPU topo: Max. logical packages:   1
2026-09-15T11:55:44.961040+01:00 11LSZbook kernel: CPU topo: Max. logical dies:       1
2026-09-15T11:55:44.961042+01:00 11LSZbook kernel: CPU topo: Max. dies per package:   1
2026-09-15T11:55:44.961043+01:00 11LSZbook kernel: CPU topo: Max. threads per core:   2
2026-09-15T11:55:44.961044+01:00 11LSZbook kernel: CPU topo: Num. cores per package:    10
2026-09-15T11:55:44.961044+01:00 11LSZbook kernel: CPU topo: Num. threads per package:  20
2026-09-15T11:55:44.961045+01:00 11LSZbook kernel: CPU topo: Allowing 20 present CPUs plus 0 hotplug CPUs
2026-09-15T11:55:44.961050+01:00 11LSZbook kernel: random: crng init done
2026-09-15T11:55:44.961055+01:00 11LSZbook kernel: PM: hibernation: Registered nosave memory: [mem 0x00000000-0x00000fff]
2026-09-15T11:55:44.961056+01:00 11LSZbook kernel: PM: hibernation: Registered nosave memory: [mem 0x000a0000-0x001fffff]
2026-09-15T11:55:44.961056+01:00 11LSZbook kernel: PM: hibernation: Registered nosave memory: [mem 0xf8000000-0xffffffff]
2026-09-15T11:55:44.961057+01:00 11LSZbook kernel: [mem 0xf8000000-0xffffffff] available for PCI devices
2026-09-15T11:55:44.961057+01:00 11LSZbook kernel: Booting paravirtualized kernel on Hyper-V
2026-09-15T11:55:44.961058+01:00 11LSZbook kernel: clocksource: refined-jiffies: mask: 0xffffffff max_cycles: 0xffffffff, max_idle_ns: 7645519600211568 ns
2026-09-15T11:55:44.961065+01:00 11LSZbook kernel: setup_percpu: NR_CPUS:8192 nr_cpumask_bits:20 nr_cpu_ids:20 nr_node_ids:1
2026-09-15T11:55:44.961066+01:00 11LSZbook kernel: percpu: Embedded 61 pages/cpu s212992 r8192 d28672 u262144
2026-09-15T11:55:44.961066+01:00 11LSZbook kernel: pcpu-alloc: s212992 r8192 d28672 u262144 alloc=1*2097152
2026-09-15T11:55:44.961067+01:00 11LSZbook kernel: pcpu-alloc: [0] 00 01 02 03 04 05 06 07 [0] 08 09 10 11 12 13 14 15 
2026-09-15T11:55:44.961067+01:00 11LSZbook kernel: pcpu-alloc: [0] 16 17 18 19 -- -- -- -- 
2026-09-15T11:55:44.961068+01:00 11LSZbook kernel: Hyper-V: PV spinlocks enabled
2026-09-15T11:55:44.961074+01:00 11LSZbook kernel: PV qspinlock hash table entries: 256 (order: 0, 4096 bytes, linear)
2026-09-15T11:55:44.961076+01:00 11LSZbook kernel: Kernel command line: initrd=\initrd.img WSL_ROOT_INIT=1 panic=-1 nr_cpus=20 hv_utils.timesync_implicit=1 console=hvc0 debug pty.legacy_count=0 WSL_ENABLE_CRASH_DUMP=1
2026-09-15T11:55:44.961146+01:00 11LSZbook kernel: Unknown kernel command line parameters "WSL_ROOT_INIT=1 WSL_ENABLE_CRASH_DUMP=1", will be passed to user space.
2026-09-15T11:55:44.961150+01:00 11LSZbook kernel: printk: log buffer data + meta data: 262144 + 917504 = 1179648 bytes
2026-09-15T11:55:44.961151+01:00 11LSZbook kernel: Dentry cache hash table entries: 2097152 (order: 12, 16777216 bytes, linear)
2026-09-15T11:55:44.961151+01:00 11LSZbook kernel: Inode-cache hash table entries: 1048576 (order: 11, 8388608 bytes, linear)
2026-09-15T11:55:44.961164+01:00 11LSZbook kernel: software IO TLB: area num 32.
2026-09-15T11:55:44.961166+01:00 11LSZbook kernel: Fallback order for Node 0: 0 
2026-09-15T11:55:44.961167+01:00 11LSZbook kernel: Built 1 zonelists, mobility grouping on.  Total pages: 4146847
2026-09-15T11:55:44.961167+01:00 11LSZbook kernel: Policy zone: Normal
2026-09-15T11:55:44.961168+01:00 11LSZbook kernel: mem auto-init: stack:off, heap alloc:on, heap free:off
2026-09-15T11:55:44.961168+01:00 11LSZbook kernel: SLUB: HWalign=64, Order=0-3, MinObjects=0, CPUs=20, Nodes=1
2026-09-15T11:55:44.961173+01:00 11LSZbook kernel: ftrace: allocating 59125 entries in 232 pages
2026-09-15T11:55:44.961175+01:00 11LSZbook kernel: ftrace: allocated 232 pages with 4 groups
2026-09-15T11:55:44.961176+01:00 11LSZbook kernel: Dynamic Preempt: none
2026-09-15T11:55:44.961176+01:00 11LSZbook kernel: rcu: Preemptible hierarchical RCU implementation.
2026-09-15T11:55:44.961177+01:00 11LSZbook kernel: rcu: 	RCU restricting CPUs from NR_CPUS=8192 to nr_cpu_ids=20.
2026-09-15T11:55:44.961177+01:00 11LSZbook kernel: 	Trampoline variant of Tasks RCU enabled.
2026-09-15T11:55:44.961178+01:00 11LSZbook kernel: 	Rude variant of Tasks RCU enabled.
2026-09-15T11:55:44.961183+01:00 11LSZbook kernel: 	Tracing variant of Tasks RCU enabled.
2026-09-15T11:55:44.961184+01:00 11LSZbook kernel: rcu: RCU calculated value of scheduler-enlistment delay is 25 jiffies.
2026-09-15T11:55:44.961185+01:00 11LSZbook kernel: rcu: Adjusting geometry for rcu_fanout_leaf=16, nr_cpu_ids=20
2026-09-15T11:55:44.961185+01:00 11LSZbook kernel: RCU Tasks: Setting shift to 5 and lim to 1 rcu_task_cb_adjust=1 rcu_task_cpu_ids=20.
2026-09-15T11:55:44.961186+01:00 11LSZbook kernel: RCU Tasks Rude: Setting shift to 5 and lim to 1 rcu_task_cb_adjust=1 rcu_task_cpu_ids=20.
2026-09-15T11:55:44.961186+01:00 11LSZbook kernel: RCU Tasks Trace: Setting shift to 5 and lim to 1 rcu_task_cb_adjust=1 rcu_task_cpu_ids=20.
2026-09-15T11:55:44.961192+01:00 11LSZbook kernel: Using NULL legacy PIC
2026-09-15T11:55:44.961194+01:00 11LSZbook kernel: NR_IRQS: 524544, nr_irqs: 584, preallocated irqs: 0
2026-09-15T11:55:44.961194+01:00 11LSZbook kernel: rcu: srcu_init: Setting srcu_struct sizes based on contention.
2026-09-15T11:55:44.961195+01:00 11LSZbook kernel: Console: colour dummy device 80x25
2026-09-15T11:55:44.961195+01:00 11LSZbook kernel: ACPI: Core revision 20250807
2026-09-15T11:55:44.961196+01:00 11LSZbook kernel: Failed to register legacy timer interrupt
2026-09-15T11:55:44.961201+01:00 11LSZbook kernel: APIC: Switch to symmetric I/O mode setup
2026-09-15T11:55:44.961203+01:00 11LSZbook kernel: x2apic enabled
2026-09-15T11:55:44.961203+01:00 11LSZbook kernel: APIC: Switched APIC routing to: physical x2apic
2026-09-15T11:55:44.961204+01:00 11LSZbook kernel: Hyper-V: Host Build 10.0.26100.8246-8-0
2026-09-15T11:55:44.961204+01:00 11LSZbook kernel: Hyper-V: enabling crash_kexec_post_notifiers
2026-09-15T11:55:44.961205+01:00 11LSZbook kernel: Hyper-V: Using IPI hypercalls
2026-09-15T11:55:44.961205+01:00 11LSZbook kernel: APIC: send_IPI() replaced with hv_send_ipi()
2026-09-15T11:55:44.961210+01:00 11LSZbook kernel: APIC: send_IPI_mask() replaced with hv_send_ipi_mask()
2026-09-15T11:55:44.961212+01:00 11LSZbook kernel: APIC: send_IPI_mask_allbutself() replaced with hv_send_ipi_mask_allbutself()
2026-09-15T11:55:44.961212+01:00 11LSZbook kernel: APIC: send_IPI_allbutself() replaced with hv_send_ipi_allbutself()
2026-09-15T11:55:44.961213+01:00 11LSZbook kernel: APIC: send_IPI_all() replaced with hv_send_ipi_all()
2026-09-15T11:55:44.961213+01:00 11LSZbook kernel: APIC: send_IPI_self() replaced with hv_send_ipi_self()
2026-09-15T11:55:44.961214+01:00 11LSZbook kernel: clocksource: tsc-early: mask: 0xffffffffffffffff max_cycles: 0x2a113524ec9, max_idle_ns: 440795211440 ns
2026-09-15T11:55:44.961219+01:00 11LSZbook kernel: Calibrating delay loop (skipped), value calculated using timer frequency.. 5836.82 BogoMIPS (lpj=11673652)
2026-09-15T11:55:44.961220+01:00 11LSZbook kernel: x86/cpu: User Mode Instruction Prevention (UMIP) activated
2026-09-15T11:55:44.961221+01:00 11LSZbook kernel: CET detected: Indirect Branch Tracking enabled
2026-09-15T11:55:44.961221+01:00 11LSZbook kernel: Last level iTLB entries: 4KB 0, 2MB 0, 4MB 0
2026-09-15T11:55:44.961222+01:00 11LSZbook kernel: Last level dTLB entries: 4KB 0, 2MB 0, 4MB 0, 1GB 0
2026-09-15T11:55:44.961222+01:00 11LSZbook kernel: mitigations: Enabled attack vectors: user_kernel, user_user, guest_host, guest_guest, SMT mitigations: auto
2026-09-15T11:55:44.961227+01:00 11LSZbook kernel: Speculative Store Bypass: Mitigation: Speculative Store Bypass disabled via prctl
2026-09-15T11:55:44.961229+01:00 11LSZbook kernel: Spectre V2 : Mitigation: Enhanced / Automatic IBRS
2026-09-15T11:55:44.961230+01:00 11LSZbook kernel: RETBleed: Mitigation: Enhanced IBRS
2026-09-15T11:55:44.961230+01:00 11LSZbook kernel: Register File Data Sampling: Mitigation: Clear Register File
2026-09-15T11:55:44.961231+01:00 11LSZbook kernel: Spectre V1 : Mitigation: usercopy/swapgs barriers and __user pointer sanitization
2026-09-15T11:55:44.961231+01:00 11LSZbook kernel: Spectre V2 : Spectre v2 / PBRSB-eIBRS: Retire a single CALL on VMEXIT
2026-09-15T11:55:44.961236+01:00 11LSZbook kernel: Spectre V2 : mitigation: Enabling conditional Indirect Branch Prediction Barrier
2026-09-15T11:55:44.961238+01:00 11LSZbook kernel: x86/fpu: Supporting XSAVE feature 0x001: 'x87 floating point registers'
2026-09-15T11:55:44.961238+01:00 11LSZbook kernel: x86/fpu: Supporting XSAVE feature 0x002: 'SSE registers'
2026-09-15T11:55:44.961239+01:00 11LSZbook kernel: x86/fpu: Supporting XSAVE feature 0x004: 'AVX registers'
2026-09-15T11:55:44.961239+01:00 11LSZbook kernel: x86/fpu: Supporting XSAVE feature 0x800: 'Control-flow User registers'
2026-09-15T11:55:44.961240+01:00 11LSZbook kernel: x86/fpu: Supporting XSAVE feature 0x1000: 'Control-flow Kernel registers (KVM only)'
2026-09-15T11:55:44.961240+01:00 11LSZbook kernel: x86/fpu: xstate_offset[2]:  576, xstate_sizes[2]:  256
2026-09-15T11:55:44.961245+01:00 11LSZbook kernel: x86/fpu: xstate_offset[11]:  832, xstate_sizes[11]:   16
2026-09-15T11:55:44.961247+01:00 11LSZbook kernel: x86/fpu: xstate_offset[12]:  848, xstate_sizes[12]:   24
2026-09-15T11:55:44.961248+01:00 11LSZbook kernel: x86/fpu: Enabled xstate features 0x1807, context size is 872 bytes, using 'compacted' format.
2026-09-15T11:55:44.961248+01:00 11LSZbook kernel: Freeing SMP alternatives memory: 52K
2026-09-15T11:55:44.961249+01:00 11LSZbook kernel: pid_max: default: 32768 minimum: 301
2026-09-15T11:55:44.961249+01:00 11LSZbook kernel: LSM: initializing lsm=capability,landlock,yama,safesetid,selinux,ima
2026-09-15T11:55:44.961254+01:00 11LSZbook kernel: landlock: Up and running.
2026-09-15T11:55:44.961256+01:00 11LSZbook kernel: Yama: becoming mindful.
2026-09-15T11:55:44.961256+01:00 11LSZbook kernel: SELinux:  Initializing.
2026-09-15T11:55:44.961257+01:00 11LSZbook kernel: Mount-cache hash table entries: 32768 (order: 6, 262144 bytes, linear)
2026-09-15T11:55:44.961258+01:00 11LSZbook kernel: Mountpoint-cache hash table entries: 32768 (order: 6, 262144 bytes, linear)
2026-09-15T11:55:44.961258+01:00 11LSZbook kernel: smpboot: CPU0: 12th Gen Intel(R) Core(TM) i9-12900H (family: 0x6, model: 0x9a, stepping: 0x3)
2026-09-15T11:55:44.961259+01:00 11LSZbook kernel: Performance Events: unsupported CPU family 6 model 154 no PMU driver, software events only.
2026-09-15T11:55:44.961264+01:00 11LSZbook kernel: signal: max sigframe size: 1776
2026-09-15T11:55:44.961266+01:00 11LSZbook kernel: rcu: Hierarchical SRCU implementation.
2026-09-15T11:55:44.961266+01:00 11LSZbook kernel: rcu: 	Max phase no-delay instances is 1000.
2026-09-15T11:55:44.961267+01:00 11LSZbook kernel: Timer migration: 2 hierarchy levels; 8 children per group; 2 crossnode level
2026-09-15T11:55:44.961267+01:00 11LSZbook kernel: NMI watchdog: Perf NMI watchdog permanently disabled
2026-09-15T11:55:44.961268+01:00 11LSZbook kernel: smp: Bringing up secondary CPUs ...
2026-09-15T11:55:44.961273+01:00 11LSZbook kernel: smpboot: x86: Booting SMP configuration:
2026-09-15T11:55:44.961275+01:00 11LSZbook kernel: .... node  #0, CPUs:        #2  #4  #6  #8 #10 #12 #14 #16 #18  #1  #3  #5  #7  #9 #11 #13 #15 #17 #19
2026-09-15T11:55:44.961275+01:00 11LSZbook kernel: smp: Brought up 1 node, 20 CPUs
2026-09-15T11:55:44.961276+01:00 11LSZbook kernel: smpboot: Total of 20 processors activated (116736.52 BogoMIPS)
2026-09-15T11:55:44.961276+01:00 11LSZbook kernel: node 0 deferred pages initialised in 44ms
2026-09-15T11:55:44.961277+01:00 11LSZbook kernel: Memory: 16163964K/16587388K available (20176K kernel code, 3632K rwdata, 14820K rodata, 4852K init, 5648K bss, 410828K reserved, 0K cma-reserved)
2026-09-15T11:55:44.961440+01:00 11LSZbook kernel: devtmpfs: initialized
2026-09-15T11:55:44.961447+01:00 11LSZbook kernel: x86/mm: Memory block size: 128MB
2026-09-15T11:55:44.961448+01:00 11LSZbook kernel: clocksource: jiffies: mask: 0xffffffff max_cycles: 0xffffffff, max_idle_ns: 7645041785100000 ns
2026-09-15T11:55:44.961449+01:00 11LSZbook kernel: posixtimers hash table entries: 16384 (order: 6, 262144 bytes, linear)
2026-09-15T11:55:44.961450+01:00 11LSZbook kernel: futex hash table entries: 8192 (524288 bytes on 1 NUMA nodes, total 512 KiB, linear).
2026-09-15T11:55:44.961450+01:00 11LSZbook kernel: pinctrl core: initialized pinctrl subsystem
2026-09-15T11:55:44.961504+01:00 11LSZbook kernel: NET: Registered PF_NETLINK/PF_ROUTE protocol family
2026-09-15T11:55:44.961509+01:00 11LSZbook kernel: DMA: preallocated 2048 KiB GFP_KERNEL pool for atomic allocations
2026-09-15T11:55:44.961510+01:00 11LSZbook kernel: DMA: preallocated 2048 KiB GFP_KERNEL|GFP_DMA32 pool for atomic allocations
2026-09-15T11:55:44.961511+01:00 11LSZbook kernel: audit: initializing netlink subsys (disabled)
2026-09-15T11:55:44.961511+01:00 11LSZbook kernel: audit: type=2000 audit(1789469627.096:1): state=initialized audit_enabled=0 res=1
2026-09-15T11:55:44.961512+01:00 11LSZbook kernel: thermal_sys: Registered thermal governor 'step_wise'
2026-09-15T11:55:44.961513+01:00 11LSZbook kernel: thermal_sys: Registered thermal governor 'user_space'
2026-09-15T11:55:44.961530+01:00 11LSZbook kernel: cpuidle: using governor ladder
2026-09-15T11:55:44.961533+01:00 11LSZbook kernel: cpuidle: using governor menu
2026-09-15T11:55:44.961533+01:00 11LSZbook kernel: acpiphp: ACPI Hot Plug PCI Controller Driver version: 0.5
2026-09-15T11:55:44.961534+01:00 11LSZbook kernel: dca service started, version 1.12.1
2026-09-15T11:55:44.961534+01:00 11LSZbook kernel: PCI: Fatal: No config space access function found
2026-09-15T11:55:44.961535+01:00 11LSZbook kernel: kprobes: kprobe jump-optimization is enabled. All kprobes are optimized if possible.
2026-09-15T11:55:44.961544+01:00 11LSZbook kernel: HugeTLB: registered 1.00 GiB page size, pre-allocated 0 pages
2026-09-15T11:55:44.961608+01:00 11LSZbook kernel: HugeTLB: 16380 KiB vmemmap can be freed for a 1.00 GiB page
2026-09-15T11:55:44.961609+01:00 11LSZbook kernel: HugeTLB: registered 2.00 MiB page size, pre-allocated 0 pages
2026-09-15T11:55:44.961610+01:00 11LSZbook kernel: HugeTLB: 28 KiB vmemmap can be freed for a 2.00 MiB page
2026-09-15T11:55:44.961611+01:00 11LSZbook kernel: ACPI: Added _OSI(Module Device)
2026-09-15T11:55:44.961611+01:00 11LSZbook kernel: ACPI: Added _OSI(Processor Device)
2026-09-15T11:55:44.961620+01:00 11LSZbook kernel: ACPI: Added _OSI(Processor Aggregator Device)
2026-09-15T11:55:44.961710+01:00 11LSZbook kernel: ACPI: 1 ACPI AML tables successfully acquired and loaded
2026-09-15T11:55:44.961714+01:00 11LSZbook kernel: ACPI: Interpreter enabled
2026-09-15T11:55:44.961715+01:00 11LSZbook kernel: ACPI: PM: (supports S0 S5)
2026-09-15T11:55:44.961716+01:00 11LSZbook kernel: ACPI: Using IOAPIC for interrupt routing
2026-09-15T11:55:44.961716+01:00 11LSZbook kernel: PCI: Using host bridge windows from ACPI; if necessary, use "pci=nocrs" and report a bug
2026-09-15T11:55:44.961717+01:00 11LSZbook kernel: PCI: Using E820 reservations for host bridge windows
2026-09-15T11:55:44.961789+01:00 11LSZbook kernel: ACPI: Enabled 2 GPEs in block 00 to 0F
2026-09-15T11:55:44.961870+01:00 11LSZbook kernel: iommu: Default domain type: Translated
2026-09-15T11:55:44.961873+01:00 11LSZbook kernel: iommu: DMA domain TLB invalidation policy: lazy mode
2026-09-15T11:55:44.961873+01:00 11LSZbook kernel: SCSI subsystem initialized
2026-09-15T11:55:44.961874+01:00 11LSZbook kernel: libata version 3.00 loaded.
2026-09-15T11:55:44.961875+01:00 11LSZbook kernel: pps_core: LinuxPPS API ver. 1 registered
2026-09-15T11:55:44.961887+01:00 11LSZbook kernel: pps_core: Software ver. 5.3.6 - Copyright 2005-2007 Rodolfo Giometti <giometti@linux.it>
2026-09-15T11:55:44.961888+01:00 11LSZbook kernel: PTP clock support registered
2026-09-15T11:55:44.961888+01:00 11LSZbook kernel: EDAC MC: Ver: 3.0.0
2026-09-15T11:55:44.961889+01:00 11LSZbook kernel: hv_vmbus: Vmbus version:5.3
2026-09-15T11:55:44.961889+01:00 11LSZbook kernel: NetLabel: Initializing
2026-09-15T11:55:44.961890+01:00 11LSZbook kernel: NetLabel:  domain hash size = 128
2026-09-15T11:55:44.961890+01:00 11LSZbook kernel: NetLabel:  protocols = UNLABELED CIPSOv4 CALIPSO
2026-09-15T11:55:44.961894+01:00 11LSZbook kernel: NetLabel:  unlabeled traffic allowed by default
2026-09-15T11:55:44.961895+01:00 11LSZbook kernel: PCI: Using ACPI for IRQ routing
2026-09-15T11:55:44.961895+01:00 11LSZbook kernel: PCI: System does not support PCI
2026-09-15T11:55:44.961895+01:00 11LSZbook kernel: vgaarb: loaded
2026-09-15T11:55:44.961896+01:00 11LSZbook kernel: clocksource: Switched to clocksource tsc-early
2026-09-15T11:55:44.961896+01:00 11LSZbook kernel: VFS: Disk quotas dquot_6.6.0
2026-09-15T11:55:44.961899+01:00 11LSZbook kernel: VFS: Dquot-cache hash table entries: 512 (order 0, 4096 bytes)
2026-09-15T11:55:44.961900+01:00 11LSZbook kernel: netfs: FS-Cache loaded
2026-09-15T11:55:44.961900+01:00 11LSZbook kernel: pnp: PnP ACPI init
2026-09-15T11:55:44.961901+01:00 11LSZbook kernel: pnp: PnP ACPI: found 1 devices
2026-09-15T11:55:44.961902+01:00 11LSZbook kernel: clocksource: acpi_pm: mask: 0xffffff max_cycles: 0xffffff, max_idle_ns: 2085701024 ns
2026-09-15T11:55:44.961902+01:00 11LSZbook kernel: NET: Registered PF_INET protocol family
2026-09-15T11:55:44.961905+01:00 11LSZbook kernel: IP idents hash table entries: 262144 (order: 9, 2097152 bytes, linear)
2026-09-15T11:55:44.961906+01:00 11LSZbook kernel: tcp_listen_portaddr_hash hash table entries: 8192 (order: 5, 131072 bytes, linear)
2026-09-15T11:55:44.961907+01:00 11LSZbook kernel: Table-perturb hash table entries: 65536 (order: 6, 262144 bytes, linear)
2026-09-15T11:55:44.961907+01:00 11LSZbook kernel: TCP established hash table entries: 131072 (order: 8, 1048576 bytes, linear)
2026-09-15T11:55:44.961908+01:00 11LSZbook kernel: TCP bind hash table entries: 65536 (order: 9, 2097152 bytes, linear)
2026-09-15T11:55:44.961908+01:00 11LSZbook kernel: TCP: Hash tables configured (established 131072 bind 65536)
2026-09-15T11:55:44.961909+01:00 11LSZbook kernel: UDP hash table entries: 8192 (order: 7, 524288 bytes, linear)
2026-09-15T11:55:44.961912+01:00 11LSZbook kernel: UDP-Lite hash table entries: 8192 (order: 7, 524288 bytes, linear)
2026-09-15T11:55:44.961912+01:00 11LSZbook kernel: NET: Registered PF_UNIX/PF_LOCAL protocol family
2026-09-15T11:55:44.961913+01:00 11LSZbook kernel: NET: Registered PF_XDP protocol family
2026-09-15T11:55:44.961913+01:00 11LSZbook kernel: PCI: CLS 0 bytes, default 64
2026-09-15T11:55:44.961914+01:00 11LSZbook kernel: PCI-DMA: Using software bounce buffering for IO (SWIOTLB)
2026-09-15T11:55:44.961914+01:00 11LSZbook kernel: software IO TLB: mapped [mem 0x00000000f4000000-0x00000000f8000000] (64MB)
2026-09-15T11:55:44.961917+01:00 11LSZbook kernel: RAPL PMU: API unit is 2^-32 Joules, 0 fixed counters, 10737418240 ms ovfl timer
2026-09-15T11:55:44.961918+01:00 11LSZbook kernel: clocksource: tsc: mask: 0xffffffffffffffff max_cycles: 0x2a113524ec9, max_idle_ns: 440795211440 ns
2026-09-15T11:55:44.961918+01:00 11LSZbook kernel: Trying to unpack rootfs image as initramfs...
2026-09-15T11:55:44.961919+01:00 11LSZbook kernel: clocksource: Switched to clocksource tsc
2026-09-15T11:55:44.961919+01:00 11LSZbook kernel: Initialise system trusted keyrings
2026-09-15T11:55:44.961920+01:00 11LSZbook kernel: Key type blacklist registered
2026-09-15T11:55:44.961921+01:00 11LSZbook kernel: workingset: timestamp_bits=36 max_order=22 bucket_order=0
2026-09-15T11:55:44.961924+01:00 11LSZbook kernel: squashfs: version 4.0 (2009/01/31) Phillip Lougher
2026-09-15T11:55:44.961924+01:00 11LSZbook kernel: fuse: init (API version 7.45)
2026-09-15T11:55:44.961925+01:00 11LSZbook kernel: SGI XFS with ACLs, security attributes, realtime, verbose warnings, quota, no debug enabled
2026-09-15T11:55:44.961926+01:00 11LSZbook kernel: 9p: Installing v9fs 9p2000 file system support
2026-09-15T11:55:44.961926+01:00 11LSZbook kernel: Freeing initrd memory: 2772K
2026-09-15T11:55:44.961926+01:00 11LSZbook kernel: cryptd: max_cpu_qlen set to 1000
2026-09-15T11:55:44.961930+01:00 11LSZbook kernel: Key type asymmetric registered
2026-09-15T11:55:44.961930+01:00 11LSZbook kernel: Asymmetric key parser 'x509' registered
2026-09-15T11:55:44.961931+01:00 11LSZbook kernel: Block layer SCSI generic (bsg) driver version 0.4 loaded (major 244)
2026-09-15T11:55:44.961931+01:00 11LSZbook kernel: io scheduler mq-deadline registered
2026-09-15T11:55:44.961932+01:00 11LSZbook kernel: io scheduler kyber registered
2026-09-15T11:55:44.961932+01:00 11LSZbook kernel: hv_vmbus: registering driver hv_pci
2026-09-15T11:55:44.961936+01:00 11LSZbook kernel: hv_pci c4b741f5-5582-4c98-8f8b-2e082933c396: PCI VMBus probing: Using version 0x10004
2026-09-15T11:55:44.961936+01:00 11LSZbook kernel: hv_pci c4b741f5-5582-4c98-8f8b-2e082933c396: PCI host bridge to bus 5582:00
2026-09-15T11:55:44.961937+01:00 11LSZbook kernel: pci_bus 5582:00: root bus resource [mem 0x9ffe00000-0x9ffe02fff window]
2026-09-15T11:55:44.961937+01:00 11LSZbook kernel: pci_bus 5582:00: No busn resource found for root bus, will use [bus 00-ff]
2026-09-15T11:55:44.961938+01:00 11LSZbook kernel: pci 5582:00:00.0: [1af4:1043] type 00 class 0x010000 conventional PCI endpoint
2026-09-15T11:55:44.961938+01:00 11LSZbook kernel: pci 5582:00:00.0: BAR 0 [mem 0x9ffe00000-0x9ffe00fff 64bit]
2026-09-15T11:55:44.961939+01:00 11LSZbook kernel: pci 5582:00:00.0: BAR 2 [mem 0x9ffe01000-0x9ffe01fff 64bit]
2026-09-15T11:55:44.961942+01:00 11LSZbook kernel: pci 5582:00:00.0: BAR 4 [mem 0x9ffe02000-0x9ffe02fff 64bit]
2026-09-15T11:55:44.961943+01:00 11LSZbook kernel: pci_bus 5582:00: busn_res: [bus 00-ff] end is updated to 00
2026-09-15T11:55:44.961943+01:00 11LSZbook kernel: pci 5582:00:00.0: BAR 0 [mem 0x9ffe00000-0x9ffe00fff 64bit]: assigned
2026-09-15T11:55:44.961944+01:00 11LSZbook kernel: pci 5582:00:00.0: BAR 2 [mem 0x9ffe01000-0x9ffe01fff 64bit]: assigned
2026-09-15T11:55:44.961944+01:00 11LSZbook kernel: pci 5582:00:00.0: BAR 4 [mem 0x9ffe02000-0x9ffe02fff 64bit]: assigned
2026-09-15T11:55:44.961945+01:00 11LSZbook kernel: ioatdma: Intel(R) QuickData Technology Driver 5.00
2026-09-15T11:55:44.961948+01:00 11LSZbook kernel: virtio-pci 5582:00:00.0: enabling device (0000 -> 0002)
2026-09-15T11:55:44.961948+01:00 11LSZbook kernel: Serial: 8250/16550 driver, 8 ports, IRQ sharing enabled
2026-09-15T11:55:44.961949+01:00 11LSZbook kernel: Linux agpgart interface v0.103
2026-09-15T11:55:44.961949+01:00 11LSZbook kernel: ACPI: bus type drm_connector registered
2026-09-15T11:55:44.961950+01:00 11LSZbook kernel: printk: legacy console [hvc0] enabled
2026-09-15T11:55:44.961950+01:00 11LSZbook kernel: brd: module loaded
2026-09-15T11:55:44.961951+01:00 11LSZbook kernel: loop: module loaded
2026-09-15T11:55:44.961954+01:00 11LSZbook kernel: Loading iSCSI transport class v2.0-870.
2026-09-15T11:55:44.961955+01:00 11LSZbook kernel: rdac: device handler registered
2026-09-15T11:55:44.961955+01:00 11LSZbook kernel: Microchip SmartPQI Driver (v2.1.34-035)
2026-09-15T11:55:44.961956+01:00 11LSZbook kernel: VMware PVSCSI driver - version 1.0.7.0-k
2026-09-15T11:55:44.961956+01:00 11LSZbook kernel: hv_vmbus: registering driver hv_storvsc
2026-09-15T11:55:44.961957+01:00 11LSZbook kernel: PPP generic driver version 2.4.2
2026-09-15T11:55:44.961962+01:00 11LSZbook kernel: scsi host0: storvsc_host_t
2026-09-15T11:55:44.961963+01:00 11LSZbook kernel: VMware vmxnet3 virtual NIC driver - version 1.9.0.0-k-NAPI
2026-09-15T11:55:44.961963+01:00 11LSZbook kernel: hv_vmbus: registering driver hv_netvsc
2026-09-15T11:55:44.961964+01:00 11LSZbook kernel: Fusion MPT base driver 3.04.20
2026-09-15T11:55:44.961965+01:00 11LSZbook kernel: Copyright (c) 1999-2008 LSI Corporation
2026-09-15T11:55:44.961965+01:00 11LSZbook kernel: Fusion MPT SPI Host driver 3.04.20
2026-09-15T11:55:44.961968+01:00 11LSZbook kernel: Fusion MPT SAS Host driver 3.04.20
2026-09-15T11:55:44.961969+01:00 11LSZbook kernel: Fusion MPT misc device (ioctl) driver 3.04.20
2026-09-15T11:55:44.961969+01:00 11LSZbook kernel: mptctl: Registered with Fusion MPT base driver
2026-09-15T11:55:44.961970+01:00 11LSZbook kernel: mptctl: /dev/mptctl @ (major,minor=10,220)
2026-09-15T11:55:44.961971+01:00 11LSZbook kernel: i8042: PNP: No PS/2 controller found.
2026-09-15T11:55:44.961971+01:00 11LSZbook kernel: hv_vmbus: registering driver hyperv_keyboard
2026-09-15T11:55:44.961972+01:00 11LSZbook kernel: rtc_cmos 00:00: RTC can wake from S4
2026-09-15T11:55:44.961974+01:00 11LSZbook kernel: rtc_cmos 00:00: registered as rtc0
2026-09-15T11:55:44.961975+01:00 11LSZbook kernel: rtc_cmos 00:00: setting system clock to 2026-09-15T10:53:48 UTC (1789469628)
2026-09-15T11:55:44.961976+01:00 11LSZbook kernel: rtc_cmos 00:00: alarms up to one month, 114 bytes nvram
2026-09-15T11:55:44.961976+01:00 11LSZbook kernel: device-mapper: core: CONFIG_IMA_DISABLE_HTABLE is disabled. Duplicate IMA measurements will not be recorded in the IMA log.
2026-09-15T11:55:44.961977+01:00 11LSZbook kernel: device-mapper: uevent: version 1.0.3
2026-09-15T11:55:44.961977+01:00 11LSZbook kernel: device-mapper: ioctl: 4.50.0-ioctl (2025-04-28) initialised: dm-devel@lists.linux.dev
2026-09-15T11:55:44.962049+01:00 11LSZbook kernel: intel_pstate: CPU model not supported
2026-09-15T11:55:44.962051+01:00 11LSZbook kernel: hv_utils: Registering HyperV Utility Driver
2026-09-15T11:55:44.962052+01:00 11LSZbook kernel: hv_vmbus: registering driver hv_utils
2026-09-15T11:55:44.962053+01:00 11LSZbook kernel: hv_vmbus: registering driver hv_balloon
2026-09-15T11:55:44.962053+01:00 11LSZbook kernel: hv_vmbus: registering driver dxgkrnl
2026-09-15T11:55:44.962054+01:00 11LSZbook kernel: hv_utils: TimeSync IC version 4.0
2026-09-15T11:55:44.962058+01:00 11LSZbook kernel: drop_monitor: Initializing network drop monitor service
2026-09-15T11:55:44.962108+01:00 11LSZbook kernel: hv_balloon: Using Dynamic Memory protocol version 2.0
2026-09-15T11:55:44.962111+01:00 11LSZbook kernel: scsi 0:0:0:0: Direct-Access     Msft     Virtual Disk     1.0  PQ: 0 ANSI: 5
2026-09-15T11:55:44.962112+01:00 11LSZbook kernel: Free page reporting enabled
2026-09-15T11:55:44.962113+01:00 11LSZbook kernel: hv_balloon: Cold memory discard hint enabled with order 9
2026-09-15T11:55:44.962113+01:00 11LSZbook kernel: NET: Registered PF_INET6 protocol family
2026-09-15T11:55:44.962117+01:00 11LSZbook kernel: scsi 0:0:0:1: Direct-Access     Msft     Virtual Disk     1.0  PQ: 0 ANSI: 5
2026-09-15T11:55:44.962120+01:00 11LSZbook kernel: Segment Routing with IPv6
2026-09-15T11:55:44.962121+01:00 11LSZbook kernel: In-situ OAM (IOAM) with IPv6
2026-09-15T11:55:44.962121+01:00 11LSZbook kernel: NET: Registered PF_PACKET protocol family
2026-09-15T11:55:44.962122+01:00 11LSZbook kernel: 9pnet: Installing 9P2000 support
2026-09-15T11:55:44.962122+01:00 11LSZbook kernel: NET: Registered PF_VSOCK protocol family
2026-09-15T11:55:44.962123+01:00 11LSZbook kernel: hv_vmbus: registering driver hv_sock
2026-09-15T11:55:44.962126+01:00 11LSZbook kernel: IPI shorthand broadcast: enabled
2026-09-15T11:55:44.962126+01:00 11LSZbook kernel: sched_clock: Marking stable (480045252, 9911916)->(530806803, -40849635)
2026-09-15T11:55:44.962127+01:00 11LSZbook kernel: registered taskstats version 1
2026-09-15T11:55:44.962127+01:00 11LSZbook kernel: Loading compiled-in X.509 certificates
2026-09-15T11:55:44.962128+01:00 11LSZbook kernel: sd 0:0:0:0: Attached scsi generic sg0 type 0
2026-09-15T11:55:44.962128+01:00 11LSZbook kernel: sd 0:0:0:0: [sda] 730960 512-byte logical blocks: (374 MB/357 MiB)
2026-09-15T11:55:44.962129+01:00 11LSZbook kernel: sd 0:0:0:1: Attached scsi generic sg1 type 0
2026-09-15T11:55:44.962132+01:00 11LSZbook kernel: sd 0:0:0:1: [sdb] 326464 512-byte logical blocks: (167 MB/159 MiB)
2026-09-15T11:55:44.962132+01:00 11LSZbook kernel: sd 0:0:0:0: [sda] Write Protect is on
2026-09-15T11:55:44.962133+01:00 11LSZbook kernel: sd 0:0:0:0: [sda] Mode Sense: 0f 00 80 00
2026-09-15T11:55:44.962133+01:00 11LSZbook kernel: sd 0:0:0:0: [sda] Write cache: disabled, read cache: enabled, doesn't support DPO or FUA
2026-09-15T11:55:44.962134+01:00 11LSZbook kernel: Demotion targets for Node 0: null
2026-09-15T11:55:44.962134+01:00 11LSZbook kernel: sd 0:0:0:1: [sdb] Write Protect is on
2026-09-15T11:55:44.962137+01:00 11LSZbook kernel: ima: No TPM chip found, activating TPM-bypass!
2026-09-15T11:55:44.962138+01:00 11LSZbook kernel: sd 0:0:0:1: [sdb] Mode Sense: 0f 00 80 00
2026-09-15T11:55:44.962138+01:00 11LSZbook kernel: ima: Allocated hash algorithm: sha256
2026-09-15T11:55:44.962139+01:00 11LSZbook kernel: sd 0:0:0:1: [sdb] Write cache: disabled, read cache: enabled, doesn't support DPO or FUA
2026-09-15T11:55:44.962139+01:00 11LSZbook kernel: ima: No architecture policies found
2026-09-15T11:55:44.962140+01:00 11LSZbook kernel: RAS: Correctable Errors collector initialized.
2026-09-15T11:55:44.962143+01:00 11LSZbook kernel: clk: Disabling unused clocks
2026-09-15T11:55:44.962143+01:00 11LSZbook kernel: sd 0:0:0:0: [sda] Attached SCSI disk
2026-09-15T11:55:44.962144+01:00 11LSZbook kernel: sd 0:0:0:1: [sdb] Attached SCSI disk
2026-09-15T11:55:44.962144+01:00 11LSZbook kernel: Freeing unused decrypted memory: 2028K
2026-09-15T11:55:44.962145+01:00 11LSZbook kernel: Freeing unused kernel image (initmem) memory: 4852K
2026-09-15T11:55:44.962145+01:00 11LSZbook kernel: Write protecting the kernel read-only data: 36864k
2026-09-15T11:55:44.962146+01:00 11LSZbook kernel: Freeing unused kernel image (text/rodata gap) memory: 300K
2026-09-15T11:55:44.962149+01:00 11LSZbook kernel: Freeing unused kernel image (rodata/data gap) memory: 1564K
2026-09-15T11:55:44.962150+01:00 11LSZbook kernel: Run /init as init process
2026-09-15T11:55:44.962150+01:00 11LSZbook kernel:   with arguments:
2026-09-15T11:55:44.962151+01:00 11LSZbook kernel:     /init
2026-09-15T11:55:44.962151+01:00 11LSZbook kernel:   with environment:
2026-09-15T11:55:44.962152+01:00 11LSZbook kernel:     HOME=/
2026-09-15T11:55:44.962155+01:00 11LSZbook kernel:     TERM=linux
2026-09-15T11:55:44.962155+01:00 11LSZbook kernel:     WSL_ROOT_INIT=1
2026-09-15T11:55:44.962156+01:00 11LSZbook kernel:     WSL_ENABLE_CRASH_DUMP=1
2026-09-15T11:55:44.962157+01:00 11LSZbook kernel: hv_vmbus: Unknown GUID: 6e382d18-3336-4f4b-acc4-2b7703d4df4a
2026-09-15T11:55:44.962158+01:00 11LSZbook kernel: hv_vmbus: Unknown GUID: dde9cbc0-5060-4436-9448-ea1254a5d177
2026-09-15T11:55:44.962158+01:00 11LSZbook kernel: hv_pci 76f5a55c-395a-4eed-9e95-bdd22d733984: PCI VMBus probing: Using version 0x10004
2026-09-15T11:55:44.962161+01:00 11LSZbook kernel: hv_vmbus: Unknown GUID: 6e382d18-3336-4f4b-acc4-2b7703d4df4a
2026-09-15T11:55:44.962162+01:00 11LSZbook kernel: hv_pci 76f5a55c-395a-4eed-9e95-bdd22d733984: PCI host bridge to bus 395a:00
2026-09-15T11:55:44.962163+01:00 11LSZbook kernel: pci_bus 395a:00: No busn resource found for root bus, will use [bus 00-ff]
2026-09-15T11:55:44.962163+01:00 11LSZbook kernel: pci 395a:00:00.0: [1414:008e] type 00 class 0x030200 conventional PCI endpoint
2026-09-15T11:55:44.962164+01:00 11LSZbook kernel: pci_bus 395a:00: busn_res: [bus 00-ff] end is updated to 00
2026-09-15T11:55:44.962164+01:00 11LSZbook kernel: hv_pci df7623df-ed60-4cc4-aec4-e4c86415124a: PCI VMBus probing: Using version 0x10004
2026-09-15T11:55:44.962167+01:00 11LSZbook kernel: hv_pci df7623df-ed60-4cc4-aec4-e4c86415124a: PCI host bridge to bus ed60:00
2026-09-15T11:55:44.962168+01:00 11LSZbook kernel: pci_bus ed60:00: No busn resource found for root bus, will use [bus 00-ff]
2026-09-15T11:55:44.962169+01:00 11LSZbook kernel: pci ed60:00:00.0: [1414:008e] type 00 class 0x030200 conventional PCI endpoint
2026-09-15T11:55:44.962169+01:00 11LSZbook kernel: pci_bus ed60:00: busn_res: [bus 00-ff] end is updated to 00
2026-09-15T11:55:44.962170+01:00 11LSZbook kernel: EXT4-fs (sda): mounted filesystem 00000000-0000-0000-0000-000000000000 ro without journal. Quota mode: none.
2026-09-15T11:55:44.962228+01:00 11LSZbook kernel: EXT4-fs (sdb): mounted filesystem 00000000-0000-0000-0000-000000000000 ro without journal. Quota mode: none.
2026-09-15T11:55:44.962273+01:00 11LSZbook kernel: tun: Universal TUN/TAP device driver, 1.6
2026-09-15T11:55:44.962278+01:00 11LSZbook kernel: bridge: filtering via arp/ip/ip6tables is no longer available by default. Update your scripts to load br_netfilter if you need this.
2026-09-15T11:55:44.962279+01:00 11LSZbook kernel: Bridge firewalling registered
2026-09-15T11:55:44.962280+01:00 11LSZbook kernel: hv_pci f20931cc-f77a-46df-9a0a-cfc5fcd30369: PCI VMBus probing: Using version 0x10004
2026-09-15T11:55:44.962364+01:00 11LSZbook kernel: hv_pci f20931cc-f77a-46df-9a0a-cfc5fcd30369: PCI host bridge to bus f77a:00
2026-09-15T11:55:44.962369+01:00 11LSZbook kernel: pci_bus f77a:00: root bus resource [mem 0xc00000000-0xe00001fff window]
2026-09-15T11:55:44.962385+01:00 11LSZbook kernel: pci_bus f77a:00: No busn resource found for root bus, will use [bus 00-ff]
2026-09-15T11:55:44.962441+01:00 11LSZbook kernel: pci f77a:00:00.0: [1af4:105a] type 00 class 0x088000 conventional PCI endpoint
2026-09-15T11:55:44.962444+01:00 11LSZbook kernel: pci f77a:00:00.0: BAR 0 [mem 0xe00000000-0xe00000fff 64bit]
2026-09-15T11:55:44.962445+01:00 11LSZbook kernel: pci f77a:00:00.0: BAR 2 [mem 0xe00001000-0xe00001fff 64bit]
2026-09-15T11:55:44.962446+01:00 11LSZbook kernel: pci f77a:00:00.0: BAR 4 [mem 0xc00000000-0xdffffffff 64bit]
2026-09-15T11:55:44.962447+01:00 11LSZbook kernel: pci_bus f77a:00: busn_res: [bus 00-ff] end is updated to 00
2026-09-15T11:55:44.962448+01:00 11LSZbook kernel: pci f77a:00:00.0: BAR 4 [mem 0xc00000000-0xdffffffff 64bit]: assigned
2026-09-15T11:55:44.962458+01:00 11LSZbook kernel: pci f77a:00:00.0: BAR 0 [mem 0xe00000000-0xe00000fff 64bit]: assigned
2026-09-15T11:55:44.962459+01:00 11LSZbook kernel: pci f77a:00:00.0: BAR 2 [mem 0xe00001000-0xe00001fff 64bit]: assigned
2026-09-15T11:55:44.962460+01:00 11LSZbook kernel: virtio-pci f77a:00:00.0: enabling device (0000 -> 0002)
2026-09-15T11:55:44.962460+01:00 11LSZbook kernel: virtiofs virtio1: discovered new tag: wslg
2026-09-15T11:55:44.962461+01:00 11LSZbook kernel: virtiofs virtio1: Cache len: 0x200000000 @ 0xc00000000
2026-09-15T11:55:44.962461+01:00 11LSZbook kernel: scsi 0:0:0:2: Direct-Access     Msft     Virtual Disk     1.0  PQ: 0 ANSI: 5
2026-09-15T11:55:44.962465+01:00 11LSZbook kernel: sd 0:0:0:2: Attached scsi generic sg2 type 0
2026-09-15T11:55:44.962466+01:00 11LSZbook kernel: sd 0:0:0:2: [sdc] 2147483648 512-byte logical blocks: (1.10 TB/1.00 TiB)
2026-09-15T11:55:44.962466+01:00 11LSZbook kernel: sd 0:0:0:2: [sdc] 4096-byte physical blocks
2026-09-15T11:55:44.962467+01:00 11LSZbook kernel: sd 0:0:0:2: [sdc] Write Protect is off
2026-09-15T11:55:44.962467+01:00 11LSZbook kernel: sd 0:0:0:2: [sdc] Mode Sense: 0f 00 00 00
2026-09-15T11:55:44.962468+01:00 11LSZbook kernel: sd 0:0:0:2: [sdc] Write cache: enabled, read cache: enabled, doesn't support DPO or FUA
2026-09-15T11:55:44.962550+01:00 11LSZbook kernel: sd 0:0:0:2: [sdc] Attached SCSI disk
2026-09-15T11:55:44.962552+01:00 11LSZbook kernel: EXT4-fs (sdc): mounted filesystem de62f83d-5d77-47ad-99f0-fe1303dbf4a4 r/w with ordered data mode. Quota mode: none.
2026-09-15T11:55:44.962553+01:00 11LSZbook kernel: misc dxg: dxgk: dxgkio_is_feature_enabled: Ioctl failed: -22
2026-09-15T11:55:44.962554+01:00 11LSZbook kernel: misc dxg: dxgk: dxgkio_query_adapter_info: Ioctl failed: -22
2026-09-15T11:55:44.962824+01:00 11LSZbook kernel: message repeated 2 times: [ misc dxg: dxgk: dxgkio_query_adapter_info: Ioctl failed: -22]
2026-09-15T11:55:44.962926+01:00 11LSZbook kernel: misc dxg: dxgk: dxgkio_query_adapter_info: Ioctl failed: -2
2026-09-15T11:55:44.962953+01:00 11LSZbook kernel: misc dxg: dxgk: dxgkio_query_adapter_info: Ioctl failed: -22
2026-09-15T11:55:44.962956+01:00 11LSZbook kernel: message repeated 2 times: [ misc dxg: dxgk: dxgkio_query_adapter_info: Ioctl failed: -22]
2026-09-15T11:55:44.962957+01:00 11LSZbook kernel: misc dxg: dxgk: dxgkio_query_adapter_info: Ioctl failed: -2
2026-09-15T11:55:44.962958+01:00 11LSZbook kernel: scsi 0:0:0:3: Direct-Access     Msft     Virtual Disk     1.0  PQ: 0 ANSI: 5
2026-09-15T11:55:44.962959+01:00 11LSZbook kernel: sd 0:0:0:3: Attached scsi generic sg3 type 0
2026-09-15T11:55:44.962959+01:00 11LSZbook kernel: sd 0:0:0:3: [sdd] 288830 512-byte logical blocks: (148 MB/141 MiB)
2026-09-15T11:55:44.962960+01:00 11LSZbook kernel: sd 0:0:0:3: [sdd] Write Protect is off
2026-09-15T11:55:44.962968+01:00 11LSZbook kernel: sd 0:0:0:3: [sdd] Mode Sense: 0f 00 00 00
2026-09-15T11:55:44.962971+01:00 11LSZbook kernel: sd 0:0:0:3: [sdd] Write cache: enabled, read cache: enabled, doesn't support DPO or FUA
2026-09-15T11:55:44.962971+01:00 11LSZbook kernel: sd 0:0:0:3: [sdd] Attached SCSI disk
2026-09-15T11:55:44.962972+01:00 11LSZbook kernel: EXT4-fs (sdd): mounted filesystem b5ab0d4c-5f1e-4965-94e7-acda07f4b1d2 r/w with ordered data mode. Quota mode: none.
2026-09-15T11:55:44.963083+01:00 11LSZbook kernel: scsi 0:0:0:4: Direct-Access     Msft     Virtual Disk     1.0  PQ: 0 ANSI: 5
2026-09-15T11:55:44.963084+01:00 11LSZbook kernel: sd 0:0:0:4: Attached scsi generic sg4 type 0
2026-09-15T11:55:44.963085+01:00 11LSZbook kernel: sd 0:0:0:4: [sde] 2147483648 512-byte logical blocks: (1.10 TB/1.00 TiB)
2026-09-15T11:55:44.963085+01:00 11LSZbook kernel: sd 0:0:0:4: [sde] 4096-byte physical blocks
2026-09-15T11:55:44.963086+01:00 11LSZbook kernel: misc dxg: dxgk: dxgkio_is_feature_enabled: Ioctl failed: -22
2026-09-15T11:55:44.963086+01:00 11LSZbook kernel: sd 0:0:0:4: [sde] Write Protect is off
2026-09-15T11:55:44.963090+01:00 11LSZbook kernel: sd 0:0:0:4: [sde] Mode Sense: 0f 00 00 00
2026-09-15T11:55:44.963090+01:00 11LSZbook kernel: sd 0:0:0:4: [sde] Write cache: enabled, read cache: enabled, doesn't support DPO or FUA
2026-09-15T11:55:44.963091+01:00 11LSZbook kernel: misc dxg: dxgk: dxgkio_query_adapter_info: Ioctl failed: -22
2026-09-15T11:55:44.963094+01:00 11LSZbook kernel: message repeated 2 times: [ misc dxg: dxgk: dxgkio_query_adapter_info: Ioctl failed: -22]
2026-09-15T11:55:44.963095+01:00 11LSZbook kernel: misc dxg: dxgk: dxgkio_query_adapter_info: Ioctl failed: -2
2026-09-15T11:55:44.963099+01:00 11LSZbook kernel: misc dxg: dxgk: dxgkio_query_adapter_info: Ioctl failed: -22
2026-09-15T11:55:44.963103+01:00 11LSZbook kernel: message repeated 2 times: [ misc dxg: dxgk: dxgkio_query_adapter_info: Ioctl failed: -22]
2026-09-15T11:55:44.963104+01:00 11LSZbook kernel: sd 0:0:0:4: [sde] Attached SCSI disk
2026-09-15T11:55:44.963105+01:00 11LSZbook kernel: misc dxg: dxgk: dxgkio_query_adapter_info: Ioctl failed: -2
2026-09-15T11:55:44.963105+01:00 11LSZbook kernel: EXT4-fs (sde): recovery complete
2026-09-15T11:55:44.963106+01:00 11LSZbook kernel: EXT4-fs (sde): mounted filesystem 27968e05-1fda-47f0-9b91-e012ebb15c83 r/w with ordered data mode. Quota mode: none.
2026-09-15T11:55:44.963110+01:00 11LSZbook kernel: scsi 0:0:0:5: Direct-Access     Msft     Virtual Disk     1.0  PQ: 0 ANSI: 5
2026-09-15T11:55:44.963111+01:00 11LSZbook kernel: sd 0:0:0:5: Attached scsi generic sg5 type 0
2026-09-15T11:55:44.963111+01:00 11LSZbook kernel: sd 0:0:0:5: [sdf] 2147483648 512-byte logical blocks: (1.10 TB/1.00 TiB)
2026-09-15T11:55:44.963112+01:00 11LSZbook kernel: sd 0:0:0:5: [sdf] 4096-byte physical blocks
2026-09-15T11:55:44.963112+01:00 11LSZbook kernel: sd 0:0:0:5: [sdf] Write Protect is off
2026-09-15T11:55:44.963116+01:00 11LSZbook kernel: sd 0:0:0:5: [sdf] Mode Sense: 0f 00 00 00
2026-09-15T11:55:44.963116+01:00 11LSZbook kernel: sd 0:0:0:5: [sdf] Write cache: enabled, read cache: enabled, doesn't support DPO or FUA
2026-09-15T11:55:44.963117+01:00 11LSZbook kernel: sd 0:0:0:5: [sdf] Attached SCSI disk
2026-09-15T11:55:44.963117+01:00 11LSZbook kernel: EXT4-fs (sdf): recovery complete
2026-09-15T11:55:44.963118+01:00 11LSZbook kernel: EXT4-fs (sdf): mounted filesystem ea3824df-cfbb-4a4f-9524-27210ae0c2e1 r/w with ordered data mode. Quota mode: none.
2026-09-15T11:55:44.963123+01:00 11LSZbook kernel: misc dxg: dxgk: dxgkio_is_feature_enabled: Ioctl failed: -22
2026-09-15T11:55:44.963123+01:00 11LSZbook kernel: misc dxg: dxgk: dxgkio_query_adapter_info: Ioctl failed: -22
2026-09-15T11:55:44.963125+01:00 11LSZbook kernel: message repeated 2 times: [ misc dxg: dxgk: dxgkio_query_adapter_info: Ioctl failed: -22]
2026-09-15T11:55:44.963126+01:00 11LSZbook kernel: misc dxg: dxgk: dxgkio_query_adapter_info: Ioctl failed: -2
2026-09-15T11:55:44.963130+01:00 11LSZbook kernel: misc dxg: dxgk: dxgkio_query_adapter_info: Ioctl failed: -22
2026-09-15T11:55:44.963131+01:00 11LSZbook kernel: message repeated 2 times: [ misc dxg: dxgk: dxgkio_query_adapter_info: Ioctl failed: -22]
2026-09-15T11:55:44.963132+01:00 11LSZbook kernel: misc dxg: dxgk: dxgkio_query_adapter_info: Ioctl failed: -2
2026-09-15T11:55:44.963133+01:00 11LSZbook kernel: misc dxg: dxgk: dxgkio_is_feature_enabled: Ioctl failed: -22
2026-09-15T11:55:44.963133+01:00 11LSZbook kernel: misc dxg: dxgk: dxgkio_query_adapter_info: Ioctl failed: -22
2026-09-15T11:55:44.963137+01:00 11LSZbook kernel: message repeated 2 times: [ misc dxg: dxgk: dxgkio_query_adapter_info: Ioctl failed: -22]
2026-09-15T11:55:44.963138+01:00 11LSZbook kernel: misc dxg: dxgk: dxgkio_query_adapter_info: Ioctl failed: -2
2026-09-15T11:55:44.963139+01:00 11LSZbook kernel: misc dxg: dxgk: dxgkio_query_adapter_info: Ioctl failed: -22
2026-09-15T11:55:44.963141+01:00 11LSZbook kernel: message repeated 2 times: [ misc dxg: dxgk: dxgkio_query_adapter_info: Ioctl failed: -22]
2026-09-15T11:55:44.963141+01:00 11LSZbook kernel: misc dxg: dxgk: dxgkio_query_adapter_info: Ioctl failed: -2
2026-09-15T11:55:44.963148+01:00 11LSZbook kernel: EXT4-fs (sdc): unmounting filesystem de62f83d-5d77-47ad-99f0-fe1303dbf4a4.
2026-09-15T11:55:44.963156+01:00 11LSZbook kernel: EXT4-fs (sdd): unmounting filesystem b5ab0d4c-5f1e-4965-94e7-acda07f4b1d2.
2026-09-15T11:55:44.963159+01:00 11LSZbook kernel: EXT4-fs (sde): unmounting filesystem 27968e05-1fda-47f0-9b91-e012ebb15c83.
2026-09-15T11:55:44.963164+01:00 11LSZbook kernel: EXT4-fs (sdf): unmounting filesystem ea3824df-cfbb-4a4f-9524-27210ae0c2e1.
2026-09-15T11:55:44.963165+01:00 11LSZbook kernel: hv_balloon: Max. dynamic memory size: 16200 MB
2026-09-15T11:55:44.963165+01:00 11LSZbook kernel: EXT4-fs (sdf): mounted filesystem ea3824df-cfbb-4a4f-9524-27210ae0c2e1 r/w with ordered data mode. Quota mode: none.
2026-09-15T11:55:44.963170+01:00 11LSZbook kernel: EXT4-fs (sde): mounted filesystem 27968e05-1fda-47f0-9b91-e012ebb15c83 r/w with ordered data mode. Quota mode: none.
2026-09-15T11:55:44.963171+01:00 11LSZbook kernel: misc dxg: dxgk: dxgkio_is_feature_enabled: Ioctl failed: -22
2026-09-15T11:55:44.963174+01:00 11LSZbook kernel: misc dxg: dxgk: dxgkio_query_adapter_info: Ioctl failed: -22
2026-09-15T11:55:44.963175+01:00 11LSZbook kernel: message repeated 2 times: [ misc dxg: dxgk: dxgkio_query_adapter_info: Ioctl failed: -22]
2026-09-15T11:55:44.963176+01:00 11LSZbook kernel: misc dxg: dxgk: dxgkio_query_adapter_info: Ioctl failed: -2
2026-09-15T11:55:44.963178+01:00 11LSZbook kernel: misc dxg: dxgk: dxgkio_query_adapter_info: Ioctl failed: -22
2026-09-15T11:55:44.963179+01:00 11LSZbook kernel: message repeated 2 times: [ misc dxg: dxgk: dxgkio_query_adapter_info: Ioctl failed: -22]
2026-09-15T11:55:44.963215+01:00 11LSZbook kernel: misc dxg: dxgk: dxgkio_query_adapter_info: Ioctl failed: -2
2026-09-15T11:55:44.963434+01:00 11LSZbook kernel: EXT4-fs (sdd): mounted filesystem b5ab0d4c-5f1e-4965-94e7-acda07f4b1d2 r/w with ordered data mode. Quota mode: none.
2026-09-15T11:55:44.963436+01:00 11LSZbook kernel: EXT4-fs (sdc): mounted filesystem de62f83d-5d77-47ad-99f0-fe1303dbf4a4 r/w with ordered data mode. Quota mode: none.
2026-09-15T11:55:44.963437+01:00 11LSZbook kernel: misc dxg: dxgk: dxgkio_is_feature_enabled: Ioctl failed: -22
2026-09-15T11:55:44.963444+01:00 11LSZbook kernel: misc dxg: dxgk: dxgkio_query_adapter_info: Ioctl failed: -22
2026-09-15T11:55:44.963447+01:00 11LSZbook kernel: message repeated 2 times: [ misc dxg: dxgk: dxgkio_query_adapter_info: Ioctl failed: -22]
2026-09-15T11:55:44.963498+01:00 11LSZbook kernel: misc dxg: dxgk: dxgkio_query_adapter_info: Ioctl failed: -2
2026-09-15T11:55:44.963500+01:00 11LSZbook kernel: misc dxg: dxgk: dxgkio_query_adapter_info: Ioctl failed: -22
2026-09-15T11:55:44.963502+01:00 11LSZbook kernel: message repeated 2 times: [ misc dxg: dxgk: dxgkio_query_adapter_info: Ioctl failed: -22]
2026-09-15T11:55:44.963503+01:00 11LSZbook kernel: misc dxg: dxgk: dxgkio_query_adapter_info: Ioctl failed: -2
2026-09-15T11:55:44.963507+01:00 11LSZbook kernel: misc dxg: dxgk: dxgkio_is_feature_enabled: Ioctl failed: -22
2026-09-15T11:55:44.963508+01:00 11LSZbook kernel: misc dxg: dxgk: dxgkio_query_adapter_info: Ioctl failed: -22
2026-09-15T11:55:44.963509+01:00 11LSZbook kernel: message repeated 2 times: [ misc dxg: dxgk: dxgkio_query_adapter_info: Ioctl failed: -22]
2026-09-15T11:55:44.963510+01:00 11LSZbook kernel: misc dxg: dxgk: dxgkio_query_adapter_info: Ioctl failed: -2
2026-09-15T11:55:44.963511+01:00 11LSZbook kernel: misc dxg: dxgk: dxgkio_query_adapter_info: Ioctl failed: -22
2026-09-15T11:55:44.963516+01:00 11LSZbook kernel: message repeated 2 times: [ misc dxg: dxgk: dxgkio_query_adapter_info: Ioctl failed: -22]
2026-09-15T11:55:44.963517+01:00 11LSZbook kernel: misc dxg: dxgk: dxgkio_query_adapter_info: Ioctl failed: -2
2026-09-15T11:55:44.963518+01:00 11LSZbook kernel: misc dxg: dxgk: dxgkio_is_feature_enabled: Ioctl failed: -22
2026-09-15T11:55:44.963518+01:00 11LSZbook kernel: misc dxg: dxgk: dxgkio_query_adapter_info: Ioctl failed: -22
2026-09-15T11:55:44.963520+01:00 11LSZbook kernel: message repeated 2 times: [ misc dxg: dxgk: dxgkio_query_adapter_info: Ioctl failed: -22]
2026-09-15T11:55:44.963521+01:00 11LSZbook kernel: misc dxg: dxgk: dxgkio_query_adapter_info: Ioctl failed: -2
2026-09-15T11:55:44.963521+01:00 11LSZbook kernel: misc dxg: dxgk: dxgkio_query_adapter_info: Ioctl failed: -22
2026-09-15T11:55:44.963526+01:00 11LSZbook kernel: message repeated 2 times: [ misc dxg: dxgk: dxgkio_query_adapter_info: Ioctl failed: -22]
2026-09-15T11:55:44.963526+01:00 11LSZbook kernel: misc dxg: dxgk: dxgkio_query_adapter_info: Ioctl failed: -2
2026-09-15T11:55:44.963532+01:00 11LSZbook kernel: EXT4-fs (sde): unmounting filesystem 27968e05-1fda-47f0-9b91-e012ebb15c83.
2026-09-15T11:55:44.963535+01:00 11LSZbook kernel: EXT4-fs (sdd): unmounting filesystem b5ab0d4c-5f1e-4965-94e7-acda07f4b1d2.
2026-09-15T11:55:44.963541+01:00 11LSZbook kernel: EXT4-fs (sdc): unmounting filesystem de62f83d-5d77-47ad-99f0-fe1303dbf4a4.
2026-09-15T11:55:44.963546+01:00 11LSZbook kernel: EXT4-fs (sdf): unmounting filesystem ea3824df-cfbb-4a4f-9524-27210ae0c2e1.
2026-09-15T11:55:44.963547+01:00 11LSZbook kernel: EXT4-fs (sdd): mounted filesystem b5ab0d4c-5f1e-4965-94e7-acda07f4b1d2 r/w with ordered data mode. Quota mode: none.
2026-09-15T11:55:44.963551+01:00 11LSZbook kernel: scsi 0:0:0:6: Direct-Access     Msft     Virtual Disk     1.0  PQ: 0 ANSI: 5
2026-09-15T11:55:44.963552+01:00 11LSZbook kernel: misc dxg: dxgk: dxgkio_is_feature_enabled: Ioctl failed: -22
2026-09-15T11:55:44.963553+01:00 11LSZbook kernel: sd 0:0:0:6: Attached scsi generic sg6 type 0
2026-09-15T11:55:44.963554+01:00 11LSZbook kernel: sd 0:0:0:6: [sdg] 2147483648 512-byte logical blocks: (1.10 TB/1.00 TiB)
2026-09-15T11:55:44.963554+01:00 11LSZbook kernel: sd 0:0:0:6: [sdg] 4096-byte physical blocks
2026-09-15T11:55:44.963555+01:00 11LSZbook kernel: sd 0:0:0:6: [sdg] Write Protect is off
2026-09-15T11:55:44.963558+01:00 11LSZbook kernel: misc dxg: dxgk: dxgkio_query_adapter_info: Ioctl failed: -22
2026-09-15T11:55:44.963558+01:00 11LSZbook kernel: sd 0:0:0:6: [sdg] Mode Sense: 0f 00 00 00
2026-09-15T11:55:44.963559+01:00 11LSZbook kernel: misc dxg: dxgk: dxgkio_query_adapter_info: Ioctl failed: -22
2026-09-15T11:55:44.963560+01:00 11LSZbook kernel: sd 0:0:0:6: [sdg] Write cache: enabled, read cache: enabled, doesn't support DPO or FUA
2026-09-15T11:55:44.963560+01:00 11LSZbook kernel: misc dxg: dxgk: dxgkio_query_adapter_info: Ioctl failed: -22
2026-09-15T11:55:44.963561+01:00 11LSZbook kernel: misc dxg: dxgk: dxgkio_query_adapter_info: Ioctl failed: -2
2026-09-15T11:55:44.963561+01:00 11LSZbook kernel: misc dxg: dxgk: dxgkio_query_adapter_info: Ioctl failed: -22
2026-09-15T11:55:44.963692+01:00 11LSZbook kernel: message repeated 2 times: [ misc dxg: dxgk: dxgkio_query_adapter_info: Ioctl failed: -22]
2026-09-15T11:55:44.963694+01:00 11LSZbook kernel: misc dxg: dxgk: dxgkio_query_adapter_info: Ioctl failed: -2
2026-09-15T11:55:44.963737+01:00 11LSZbook kernel: sd 0:0:0:6: [sdg] Attached SCSI disk
2026-09-15T11:55:44.963741+01:00 11LSZbook kernel: EXT4-fs (sdg): recovery complete
2026-09-15T11:55:44.963742+01:00 11LSZbook kernel: EXT4-fs (sdg): mounted filesystem 324e0566-2a15-409f-a440-3c600cdbfb3f r/w with ordered data mode. Quota mode: none.
2026-09-15T11:55:44.963743+01:00 11LSZbook kernel: loop0: detected capacity change from 0 to 1526420
2026-09-15T11:55:44.963764+01:00 11LSZbook kernel: ISO 9660 Extensions: Microsoft Joliet Level 3
2026-09-15T11:55:44.963767+01:00 11LSZbook kernel: ISO 9660 Extensions: RRIP_1991A
2026-09-15T11:55:44.963768+01:00 11LSZbook kernel: loop1: detected capacity change from 0 to 1488624
2026-09-15T11:55:44.963768+01:00 11LSZbook kernel: ISO 9660 Extensions: RRIP_1991A
2026-09-15T11:55:44.963769+01:00 11LSZbook kernel: /proc/cgroups lists only v1 controllers, use cgroup.controllers of root cgroup for v2 info
2026-09-15T11:55:44.963770+01:00 11LSZbook kernel: netlink: 'initd': attribute type 4 has an invalid length.
2026-09-15T11:55:44.963778+01:00 11LSZbook kernel: virtiofs: Unknown parameter 'negative_dentry_timeout'
2026-09-15T11:55:44.963780+01:00 11LSZbook kernel: EXT4-fs (sde): mounted filesystem 27968e05-1fda-47f0-9b91-e012ebb15c83 r/w with ordered data mode. Quota mode: none.
2026-09-15T11:55:44.963781+01:00 11LSZbook kernel: NOTICE: Automounting of tracing to debugfs is deprecated and will be removed in 2030
2026-09-15T11:55:44.963782+01:00 11LSZbook kernel: RPC: Registered named UNIX socket transport module.
2026-09-15T11:55:44.963782+01:00 11LSZbook kernel: RPC: Registered udp transport module.
2026-09-15T11:55:44.963783+01:00 11LSZbook kernel: RPC: Registered tcp transport module.
2026-09-15T11:55:44.963791+01:00 11LSZbook kernel: RPC: Registered tcp-with-tls transport module.
2026-09-15T11:55:44.963793+01:00 11LSZbook kernel: RPC: Registered tcp NFSv4.1 backchannel transport module.
2026-09-15T11:55:44.963795+01:00 11LSZbook kernel: EXT4-fs (sdc): mounted filesystem de62f83d-5d77-47ad-99f0-fe1303dbf4a4 r/w with ordered data mode. Quota mode: none.
2026-09-15T11:55:44.963809+01:00 11LSZbook kernel: misc dxg: dxgk: dxgkio_is_feature_enabled: Ioctl failed: -22
2026-09-15T11:55:44.963813+01:00 11LSZbook kernel: misc dxg: dxgk: dxgkio_query_adapter_info: Ioctl failed: -22
2026-09-15T11:55:44.963813+01:00 11LSZbook kernel: misc dxg: dxgk: dxgkio_is_feature_enabled: Ioctl failed: -22
2026-09-15T11:55:44.963814+01:00 11LSZbook kernel: misc dxg: dxgk: dxgkio_query_adapter_info: Ioctl failed: -22
2026-09-15T11:55:44.963816+01:00 11LSZbook kernel: message repeated 3 times: [ misc dxg: dxgk: dxgkio_query_adapter_info: Ioctl failed: -22]
2026-09-15T11:55:44.963819+01:00 11LSZbook kernel: misc dxg: dxgk: dxgkio_query_adapter_info: Ioctl failed: -2
2026-09-15T11:55:44.963827+01:00 11LSZbook kernel: misc dxg: dxgk: dxgkio_query_adapter_info: Ioctl failed: -22
2026-09-15T11:55:44.963831+01:00 11LSZbook kernel: message repeated 2 times: [ misc dxg: dxgk: dxgkio_query_adapter_info: Ioctl failed: -22]
2026-09-15T11:55:44.963832+01:00 11LSZbook kernel: misc dxg: dxgk: dxgkio_query_adapter_info: Ioctl failed: -2
2026-09-15T11:55:44.963833+01:00 11LSZbook kernel: misc dxg: dxgk: dxgkio_query_adapter_info: Ioctl failed: -22
2026-09-15T11:55:44.963834+01:00 11LSZbook kernel: misc dxg: dxgk: dxgkio_query_adapter_info: Ioctl failed: -2
2026-09-15T11:55:44.963835+01:00 11LSZbook kernel: misc dxg: dxgk: dxgkio_query_adapter_info: Ioctl failed: -22
2026-09-15T11:55:44.963986+01:00 11LSZbook kernel: message repeated 2 times: [ misc dxg: dxgk: dxgkio_query_adapter_info: Ioctl failed: -22]
2026-09-15T11:55:44.963987+01:00 11LSZbook kernel: misc dxg: dxgk: dxgkio_query_adapter_info: Ioctl failed: -2
2026-09-15T11:55:44.964033+01:00 11LSZbook kernel: Initializing XFRM netlink socket
2026-09-15T11:55:44.964034+01:00 11LSZbook kernel: ACPI: AC: AC Adapter [AC1] (on-line)
2026-09-15T11:55:44.964043+01:00 11LSZbook kernel: ACPI: battery: Slot [BAT1] (battery present)
2026-09-15T11:55:44.964045+01:00 11LSZbook kernel: loop2: detected capacity change from 0 to 8
2026-09-15T11:55:45.332812+01:00 11LSZbook kernel: EXT4-fs (sdf): mounted filesystem ea3824df-cfbb-4a4f-9524-27210ae0c2e1 r/w with ordered data mode. Quota mode: none.
2026-09-15T11:55:45.893283+01:00 11LSZbook kernel: misc dxg: dxgk: dxgkio_is_feature_enabled: Ioctl failed: -22
2026-09-15T11:55:45.914341+01:00 11LSZbook kernel: misc dxg: dxgk: dxgkio_query_adapter_info: Ioctl failed: -22
2026-09-15T11:55:45.917607+01:00 11LSZbook kernel: message repeated 2 times: [ misc dxg: dxgk: dxgkio_query_adapter_info: Ioctl failed: -22]
2026-09-15T11:55:45.923025+01:00 11LSZbook kernel: misc dxg: dxgk: dxgkio_query_adapter_info: Ioctl failed: -2
2026-09-15T11:55:45.927957+01:00 11LSZbook kernel: misc dxg: dxgk: dxgkio_query_adapter_info: Ioctl failed: -22
2026-09-15T11:55:45.940659+01:00 11LSZbook kernel: message repeated 2 times: [ misc dxg: dxgk: dxgkio_query_adapter_info: Ioctl failed: -22]
2026-09-15T11:55:45.941109+01:00 11LSZbook kernel: misc dxg: dxgk: dxgkio_query_adapter_info: Ioctl failed: -2
2026-09-15T11:55:50.184770+01:00 11LSZbook kernel: kvm_intel: Using Hyper-V Enlightened VMCS
2026-09-15T11:55:50.232635+01:00 11LSZbook kernel: vmentry_ctrl unsupported with eVMCS: 0x100000
2026-09-15T11:55:50.232652+01:00 11LSZbook kernel: vmexit_ctrl unsupported with eVMCS: 0x10000000
2026-09-15T11:55:53.149479+01:00 11LSZbook kernel: intel_rapl_msr: PL4 support detected.
2026-09-15T11:57:27.912602+01:00 11LSZbook kernel: device offline error, dev sdg, sector 0 op 0x1:(WRITE) flags 0x800 phys_seg 0 prio class 2
2026-09-15T11:57:28.027258+01:00 11LSZbook kernel: EXT4-fs (sdg): shut down requested (2)
2026-09-15T11:57:28.027319+01:00 11LSZbook kernel: Aborting journal on device sdg-8.
2026-09-15T11:57:28.027322+01:00 11LSZbook kernel: device offline error, dev sdg, sector 1073479680 op 0x1:(WRITE) flags 0x9800 phys_seg 1 prio class 2
2026-09-15T11:57:28.027325+01:00 11LSZbook kernel: device offline error, dev sdg, sector 1073479680 op 0x1:(WRITE) flags 0x9800 phys_seg 1 prio class 2
2026-09-15T11:57:28.027328+01:00 11LSZbook kernel: Buffer I/O error on dev sdg, logical block 134184960, lost sync page write
2026-09-15T11:57:28.032626+01:00 11LSZbook kernel: JBD2: I/O error when updating journal superblock for sdg-8.
2026-09-15T11:57:28.060597+01:00 11LSZbook kernel: sd 0:0:0:6: [sdg] Synchronizing SCSI cache
2026-09-15T11:57:44.300669+01:00 11LSZbook kernel: EXT4-fs (sdg): unmounting filesystem 324e0566-2a15-409f-a440-3c600cdbfb3f.
2026-09-15T11:57:44.304647+01:00 11LSZbook kernel: EXT4-fs (sdd): unmounting filesystem b5ab0d4c-5f1e-4965-94e7-acda07f4b1d2.
2026-09-15T11:57:44.468636+01:00 11LSZbook kernel: EXT4-fs (sdc): unmounting filesystem de62f83d-5d77-47ad-99f0-fe1303dbf4a4.
2026-09-15T11:57:49.548633+01:00 11LSZbook kernel: EXT4-fs (sdd): mounted filesystem b5ab0d4c-5f1e-4965-94e7-acda07f4b1d2 r/w with ordered data mode. Quota mode: none.
2026-09-15T11:57:50.032658+01:00 11LSZbook kernel: EXT4-fs (sdc): mounted filesystem de62f83d-5d77-47ad-99f0-fe1303dbf4a4 r/w with ordered data mode. Quota mode: none.
2026-09-15T11:57:50.086462+01:00 11LSZbook kernel: misc dxg: dxgk: dxgkio_is_feature_enabled: Ioctl failed: -22
2026-09-15T11:57:50.101055+01:00 11LSZbook kernel: misc dxg: dxgk: dxgkio_query_adapter_info: Ioctl failed: -22
2026-09-15T11:57:50.101754+01:00 11LSZbook kernel: message repeated 2 times: [ misc dxg: dxgk: dxgkio_query_adapter_info: Ioctl failed: -22]
2026-09-15T11:57:50.106682+01:00 11LSZbook kernel: misc dxg: dxgk: dxgkio_query_adapter_info: Ioctl failed: -2
2026-09-15T11:57:50.112806+01:00 11LSZbook kernel: misc dxg: dxgk: dxgkio_query_adapter_info: Ioctl failed: -22
2026-09-15T11:57:50.118402+01:00 11LSZbook kernel: message repeated 2 times: [ misc dxg: dxgk: dxgkio_query_adapter_info: Ioctl failed: -22]
2026-09-15T11:57:50.123400+01:00 11LSZbook kernel: misc dxg: dxgk: dxgkio_query_adapter_info: Ioctl failed: -2
2026-09-15T11:57:50.452629+01:00 11LSZbook kernel: misc dxg: dxgk: dxgkio_is_feature_enabled: Ioctl failed: -22
2026-09-15T11:57:50.457251+01:00 11LSZbook kernel: misc dxg: dxgk: dxgkio_query_adapter_info: Ioctl failed: -22
2026-09-15T11:57:50.461867+01:00 11LSZbook kernel: message repeated 2 times: [ misc dxg: dxgk: dxgkio_query_adapter_info: Ioctl failed: -22]
2026-09-15T11:57:50.461877+01:00 11LSZbook kernel: misc dxg: dxgk: dxgkio_query_adapter_info: Ioctl failed: -2
2026-09-15T11:57:50.468673+01:00 11LSZbook kernel: misc dxg: dxgk: dxgkio_query_adapter_info: Ioctl failed: -22
2026-09-15T11:57:50.468742+01:00 11LSZbook kernel: message repeated 2 times: [ misc dxg: dxgk: dxgkio_query_adapter_info: Ioctl failed: -22]
2026-09-15T11:57:50.468743+01:00 11LSZbook kernel: misc dxg: dxgk: dxgkio_query_adapter_info: Ioctl failed: -2
2026-09-15T11:58:04.992787+01:00 11LSZbook kernel: EXT4-fs (sdd): unmounting filesystem b5ab0d4c-5f1e-4965-94e7-acda07f4b1d2.
2026-09-15T11:58:05.544722+01:00 11LSZbook kernel: EXT4-fs (sdc): unmounting filesystem de62f83d-5d77-47ad-99f0-fe1303dbf4a4.
2026-09-15T11:58:11.104593+01:00 11LSZbook kernel: EXT4-fs (sdd): mounted filesystem b5ab0d4c-5f1e-4965-94e7-acda07f4b1d2 r/w with ordered data mode. Quota mode: none.
2026-09-15T11:58:11.348660+01:00 11LSZbook kernel: EXT4-fs (sdc): mounted filesystem de62f83d-5d77-47ad-99f0-fe1303dbf4a4 r/w with ordered data mode. Quota mode: none.
2026-09-15T11:58:11.420960+01:00 11LSZbook kernel: misc dxg: dxgk: dxgkio_is_feature_enabled: Ioctl failed: -22
2026-09-15T11:58:11.432745+01:00 11LSZbook kernel: misc dxg: dxgk: dxgkio_query_adapter_info: Ioctl failed: -22
2026-09-15T11:58:11.432818+01:00 11LSZbook kernel: message repeated 2 times: [ misc dxg: dxgk: dxgkio_query_adapter_info: Ioctl failed: -22]
2026-09-15T11:58:11.436775+01:00 11LSZbook kernel: misc dxg: dxgk: dxgkio_query_adapter_info: Ioctl failed: -2
2026-09-15T11:58:11.440752+01:00 11LSZbook kernel: misc dxg: dxgk: dxgkio_query_adapter_info: Ioctl failed: -22
2026-09-15T11:58:11.445095+01:00 11LSZbook kernel: message repeated 2 times: [ misc dxg: dxgk: dxgkio_query_adapter_info: Ioctl failed: -22]
2026-09-15T11:58:11.445096+01:00 11LSZbook kernel: misc dxg: dxgk: dxgkio_query_adapter_info: Ioctl failed: -2
2026-09-15T11:58:11.741146+01:00 11LSZbook kernel: misc dxg: dxgk: dxgkio_is_feature_enabled: Ioctl failed: -22
2026-09-15T11:58:11.749004+01:00 11LSZbook kernel: misc dxg: dxgk: dxgkio_query_adapter_info: Ioctl failed: -22
2026-09-15T11:58:11.752809+01:00 11LSZbook kernel: message repeated 2 times: [ misc dxg: dxgk: dxgkio_query_adapter_info: Ioctl failed: -22]
2026-09-15T11:58:11.752819+01:00 11LSZbook kernel: misc dxg: dxgk: dxgkio_query_adapter_info: Ioctl failed: -2
2026-09-15T11:58:11.756648+01:00 11LSZbook kernel: misc dxg: dxgk: dxgkio_query_adapter_info: Ioctl failed: -22
2026-09-15T11:58:11.760637+01:00 11LSZbook kernel: message repeated 2 times: [ misc dxg: dxgk: dxgkio_query_adapter_info: Ioctl failed: -22]
2026-09-15T11:58:11.760647+01:00 11LSZbook kernel: misc dxg: dxgk: dxgkio_query_adapter_info: Ioctl failed: -2
2026-09-15T11:58:26.320604+01:00 11LSZbook kernel: EXT4-fs (sdd): unmounting filesystem b5ab0d4c-5f1e-4965-94e7-acda07f4b1d2.
2026-09-15T11:58:26.856573+01:00 11LSZbook kernel: EXT4-fs (sdc): unmounting filesystem de62f83d-5d77-47ad-99f0-fe1303dbf4a4.
2026-09-15T11:58:40.848645+01:00 11LSZbook kernel: EXT4-fs (sdd): mounted filesystem b5ab0d4c-5f1e-4965-94e7-acda07f4b1d2 r/w with ordered data mode. Quota mode: none.
2026-09-15T11:58:41.104644+01:00 11LSZbook kernel: EXT4-fs (sdc): mounted filesystem de62f83d-5d77-47ad-99f0-fe1303dbf4a4 r/w with ordered data mode. Quota mode: none.
2026-09-15T11:58:41.152636+01:00 11LSZbook kernel: misc dxg: dxgk: dxgkio_is_feature_enabled: Ioctl failed: -22
2026-09-15T11:58:41.165720+01:00 11LSZbook kernel: misc dxg: dxgk: dxgkio_query_adapter_info: Ioctl failed: -22
2026-09-15T11:58:41.165819+01:00 11LSZbook kernel: message repeated 2 times: [ misc dxg: dxgk: dxgkio_query_adapter_info: Ioctl failed: -22]
2026-09-15T11:58:41.168718+01:00 11LSZbook kernel: misc dxg: dxgk: dxgkio_query_adapter_info: Ioctl failed: -2
2026-09-15T11:58:41.172580+01:00 11LSZbook kernel: misc dxg: dxgk: dxgkio_query_adapter_info: Ioctl failed: -22
2026-09-15T11:58:41.176808+01:00 11LSZbook kernel: message repeated 2 times: [ misc dxg: dxgk: dxgkio_query_adapter_info: Ioctl failed: -22]
2026-09-15T11:58:41.176817+01:00 11LSZbook kernel: misc dxg: dxgk: dxgkio_query_adapter_info: Ioctl failed: -2
2026-09-15T11:58:41.456893+01:00 11LSZbook kernel: misc dxg: dxgk: dxgkio_is_feature_enabled: Ioctl failed: -22
2026-09-15T11:58:41.466410+01:00 11LSZbook kernel: misc dxg: dxgk: dxgkio_query_adapter_info: Ioctl failed: -22
2026-09-15T11:58:41.468733+01:00 11LSZbook kernel: message repeated 2 times: [ misc dxg: dxgk: dxgkio_query_adapter_info: Ioctl failed: -22]
2026-09-15T11:58:41.473972+01:00 11LSZbook kernel: misc dxg: dxgk: dxgkio_query_adapter_info: Ioctl failed: -2
2026-09-15T11:58:41.474044+01:00 11LSZbook kernel: misc dxg: dxgk: dxgkio_query_adapter_info: Ioctl failed: -22
2026-09-15T11:58:41.480620+01:00 11LSZbook kernel: message repeated 2 times: [ misc dxg: dxgk: dxgkio_query_adapter_info: Ioctl failed: -22]
2026-09-15T11:58:41.484710+01:00 11LSZbook kernel: misc dxg: dxgk: dxgkio_query_adapter_info: Ioctl failed: -2
2026-09-15T11:58:56.080666+01:00 11LSZbook kernel: EXT4-fs (sdd): unmounting filesystem b5ab0d4c-5f1e-4965-94e7-acda07f4b1d2.
2026-09-15T11:58:56.544618+01:00 11LSZbook kernel: EXT4-fs (sdc): unmounting filesystem de62f83d-5d77-47ad-99f0-fe1303dbf4a4.
2026-09-15T12:03:08.868611+01:00 11LSZbook kernel: EXT4-fs (sdc): mounted filesystem de62f83d-5d77-47ad-99f0-fe1303dbf4a4 r/w with ordered data mode. Quota mode: none.
2026-09-15T12:03:09.124581+01:00 11LSZbook kernel: misc dxg: dxgk: dxgkio_is_feature_enabled: Ioctl failed: -22
2026-09-15T12:03:09.129567+01:00 11LSZbook kernel: misc dxg: dxgk: dxgkio_query_adapter_info: Ioctl failed: -22
2026-09-15T12:03:09.129597+01:00 11LSZbook kernel: message repeated 2 times: [ misc dxg: dxgk: dxgkio_query_adapter_info: Ioctl failed: -22]
2026-09-15T12:03:09.132790+01:00 11LSZbook kernel: misc dxg: dxgk: dxgkio_query_adapter_info: Ioctl failed: -2
2026-09-15T12:03:09.132818+01:00 11LSZbook kernel: misc dxg: dxgk: dxgkio_query_adapter_info: Ioctl failed: -22
2026-09-15T12:03:09.137102+01:00 11LSZbook kernel: message repeated 2 times: [ misc dxg: dxgk: dxgkio_query_adapter_info: Ioctl failed: -22]
2026-09-15T12:03:09.137102+01:00 11LSZbook kernel: misc dxg: dxgk: dxgkio_query_adapter_info: Ioctl failed: -2
2026-09-15T12:03:09.208555+01:00 11LSZbook kernel: EXT4-fs (sdd): mounted filesystem b5ab0d4c-5f1e-4965-94e7-acda07f4b1d2 r/w with ordered data mode. Quota mode: none.
2026-09-15T12:03:09.456636+01:00 11LSZbook kernel: misc dxg: dxgk: dxgkio_is_feature_enabled: Ioctl failed: -22
2026-09-15T12:03:09.461102+01:00 11LSZbook kernel: misc dxg: dxgk: dxgkio_query_adapter_info: Ioctl failed: -22
2026-09-15T12:03:09.461154+01:00 11LSZbook kernel: message repeated 2 times: [ misc dxg: dxgk: dxgkio_query_adapter_info: Ioctl failed: -22]
2026-09-15T12:03:09.464861+01:00 11LSZbook kernel: misc dxg: dxgk: dxgkio_query_adapter_info: Ioctl failed: -2
2026-09-15T12:03:09.464915+01:00 11LSZbook kernel: misc dxg: dxgk: dxgkio_query_adapter_info: Ioctl failed: -22
2026-09-15T12:03:09.468626+01:00 11LSZbook kernel: message repeated 2 times: [ misc dxg: dxgk: dxgkio_query_adapter_info: Ioctl failed: -22]
2026-09-15T12:03:09.468635+01:00 11LSZbook kernel: misc dxg: dxgk: dxgkio_query_adapter_info: Ioctl failed: -2
2026-09-15T12:03:39.264571+01:00 11LSZbook kernel: EXT4-fs (sdc): unmounting filesystem de62f83d-5d77-47ad-99f0-fe1303dbf4a4.
2026-09-15T12:03:39.412787+01:00 11LSZbook kernel: EXT4-fs (sdd): unmounting filesystem b5ab0d4c-5f1e-4965-94e7-acda07f4b1d2.
2026-09-15T12:03:49.880628+01:00 11LSZbook kernel: mini_init (204): drop_caches: 1
2026-09-15T12:14:40.716617+01:00 11LSZbook kernel: EXT4-fs (sdd): mounted filesystem b5ab0d4c-5f1e-4965-94e7-acda07f4b1d2 r/w with ordered data mode. Quota mode: none.
2026-09-15T12:14:41.284590+01:00 11LSZbook kernel: EXT4-fs (sdc): mounted filesystem de62f83d-5d77-47ad-99f0-fe1303dbf4a4 r/w with ordered data mode. Quota mode: none.
2026-09-15T12:14:41.404640+01:00 11LSZbook kernel: misc dxg: dxgk: dxgkio_is_feature_enabled: Ioctl failed: -22
2026-09-15T12:14:41.409010+01:00 11LSZbook kernel: misc dxg: dxgk: dxgkio_query_adapter_info: Ioctl failed: -22
2026-09-15T12:14:41.413156+01:00 11LSZbook kernel: message repeated 2 times: [ misc dxg: dxgk: dxgkio_query_adapter_info: Ioctl failed: -22]
2026-09-15T12:14:41.413166+01:00 11LSZbook kernel: misc dxg: dxgk: dxgkio_query_adapter_info: Ioctl failed: -2
2026-09-15T12:14:41.413211+01:00 11LSZbook kernel: misc dxg: dxgk: dxgkio_query_adapter_info: Ioctl failed: -22
2026-09-15T12:14:41.416570+01:00 11LSZbook kernel: message repeated 2 times: [ misc dxg: dxgk: dxgkio_query_adapter_info: Ioctl failed: -22]
2026-09-15T12:14:41.416571+01:00 11LSZbook kernel: misc dxg: dxgk: dxgkio_query_adapter_info: Ioctl failed: -2
2026-09-15T12:14:41.600601+01:00 11LSZbook kernel: misc dxg: dxgk: dxgkio_is_feature_enabled: Ioctl failed: -22
2026-09-15T12:14:41.604749+01:00 11LSZbook kernel: misc dxg: dxgk: dxgkio_query_adapter_info: Ioctl failed: -22
2026-09-15T12:14:41.604806+01:00 11LSZbook kernel: message repeated 2 times: [ misc dxg: dxgk: dxgkio_query_adapter_info: Ioctl failed: -22]
2026-09-15T12:14:41.608606+01:00 11LSZbook kernel: misc dxg: dxgk: dxgkio_query_adapter_info: Ioctl failed: -2
2026-09-15T12:14:41.608656+01:00 11LSZbook kernel: misc dxg: dxgk: dxgkio_query_adapter_info: Ioctl failed: -22
2026-09-15T12:14:41.612598+01:00 11LSZbook kernel: message repeated 2 times: [ misc dxg: dxgk: dxgkio_query_adapter_info: Ioctl failed: -22]
2026-09-15T12:14:41.612611+01:00 11LSZbook kernel: misc dxg: dxgk: dxgkio_query_adapter_info: Ioctl failed: -2
2026-09-15T12:14:56.256599+01:00 11LSZbook kernel: EXT4-fs (sdd): unmounting filesystem b5ab0d4c-5f1e-4965-94e7-acda07f4b1d2.
2026-09-15T12:14:56.732597+01:00 11LSZbook kernel: EXT4-fs (sdc): unmounting filesystem de62f83d-5d77-47ad-99f0-fe1303dbf4a4.
2026-09-15T12:15:02.080588+01:00 11LSZbook kernel: EXT4-fs (sdd): mounted filesystem b5ab0d4c-5f1e-4965-94e7-acda07f4b1d2 r/w with ordered data mode. Quota mode: none.
2026-09-15T12:15:02.276556+01:00 11LSZbook kernel: EXT4-fs (sdc): mounted filesystem de62f83d-5d77-47ad-99f0-fe1303dbf4a4 r/w with ordered data mode. Quota mode: none.
2026-09-15T12:15:02.316607+01:00 11LSZbook kernel: misc dxg: dxgk: dxgkio_is_feature_enabled: Ioctl failed: -22
2026-09-15T12:15:02.320683+01:00 11LSZbook kernel: misc dxg: dxgk: dxgkio_query_adapter_info: Ioctl failed: -22
2026-09-15T12:15:02.320698+01:00 11LSZbook kernel: message repeated 2 times: [ misc dxg: dxgk: dxgkio_query_adapter_info: Ioctl failed: -22]
2026-09-15T12:15:02.320698+01:00 11LSZbook kernel: misc dxg: dxgk: dxgkio_query_adapter_info: Ioctl failed: -2
2026-09-15T12:15:02.324613+01:00 11LSZbook kernel: misc dxg: dxgk: dxgkio_query_adapter_info: Ioctl failed: -22
2026-09-15T12:15:02.324645+01:00 11LSZbook kernel: message repeated 2 times: [ misc dxg: dxgk: dxgkio_query_adapter_info: Ioctl failed: -22]
2026-09-15T12:15:02.324656+01:00 11LSZbook kernel: misc dxg: dxgk: dxgkio_query_adapter_info: Ioctl failed: -2
2026-09-15T12:15:02.521039+01:00 11LSZbook kernel: misc dxg: dxgk: dxgkio_is_feature_enabled: Ioctl failed: -22
2026-09-15T12:15:02.521089+01:00 11LSZbook kernel: misc dxg: dxgk: dxgkio_query_adapter_info: Ioctl failed: -22
2026-09-15T12:15:02.524629+01:00 11LSZbook kernel: message repeated 2 times: [ misc dxg: dxgk: dxgkio_query_adapter_info: Ioctl failed: -22]
2026-09-15T12:15:02.524630+01:00 11LSZbook kernel: misc dxg: dxgk: dxgkio_query_adapter_info: Ioctl failed: -2
2026-09-15T12:15:02.528867+01:00 11LSZbook kernel: misc dxg: dxgk: dxgkio_query_adapter_info: Ioctl failed: -22
2026-09-15T12:15:02.528900+01:00 11LSZbook kernel: message repeated 2 times: [ misc dxg: dxgk: dxgkio_query_adapter_info: Ioctl failed: -22]
2026-09-15T12:15:02.528901+01:00 11LSZbook kernel: misc dxg: dxgk: dxgkio_query_adapter_info: Ioctl failed: -2
2026-09-15T12:15:17.268736+01:00 11LSZbook kernel: EXT4-fs (sdd): unmounting filesystem b5ab0d4c-5f1e-4965-94e7-acda07f4b1d2.
2026-09-15T12:15:17.576659+01:00 11LSZbook kernel: EXT4-fs (sdc): unmounting filesystem de62f83d-5d77-47ad-99f0-fe1303dbf4a4.
2026-09-15T12:18:38.536536+01:00 11LSZbook kernel: EXT4-fs (sdd): mounted filesystem b5ab0d4c-5f1e-4965-94e7-acda07f4b1d2 r/w with ordered data mode. Quota mode: none.
2026-09-15T12:18:38.776554+01:00 11LSZbook kernel: EXT4-fs (sdc): mounted filesystem de62f83d-5d77-47ad-99f0-fe1303dbf4a4 r/w with ordered data mode. Quota mode: none.
2026-09-15T12:18:38.841057+01:00 11LSZbook kernel: misc dxg: dxgk: dxgkio_is_feature_enabled: Ioctl failed: -22
2026-09-15T12:18:38.844763+01:00 11LSZbook kernel: misc dxg: dxgk: dxgkio_query_adapter_info: Ioctl failed: -22
2026-09-15T12:18:38.849390+01:00 11LSZbook kernel: message repeated 2 times: [ misc dxg: dxgk: dxgkio_query_adapter_info: Ioctl failed: -22]
2026-09-15T12:18:38.849402+01:00 11LSZbook kernel: misc dxg: dxgk: dxgkio_query_adapter_info: Ioctl failed: -2
2026-09-15T12:18:38.852730+01:00 11LSZbook kernel: misc dxg: dxgk: dxgkio_query_adapter_info: Ioctl failed: -22
2026-09-15T12:18:38.856878+01:00 11LSZbook kernel: message repeated 2 times: [ misc dxg: dxgk: dxgkio_query_adapter_info: Ioctl failed: -22]
2026-09-15T12:18:38.856889+01:00 11LSZbook kernel: misc dxg: dxgk: dxgkio_query_adapter_info: Ioctl failed: -2
2026-09-15T12:18:39.140597+01:00 11LSZbook kernel: misc dxg: dxgk: dxgkio_is_feature_enabled: Ioctl failed: -22
2026-09-15T12:18:39.140635+01:00 11LSZbook kernel: misc dxg: dxgk: dxgkio_query_adapter_info: Ioctl failed: -22
2026-09-15T12:18:39.145331+01:00 11LSZbook kernel: message repeated 2 times: [ misc dxg: dxgk: dxgkio_query_adapter_info: Ioctl failed: -22]
2026-09-15T12:18:39.145332+01:00 11LSZbook kernel: misc dxg: dxgk: dxgkio_query_adapter_info: Ioctl failed: -2
2026-09-15T12:18:39.150643+01:00 11LSZbook kernel: misc dxg: dxgk: dxgkio_query_adapter_info: Ioctl failed: -22
2026-09-15T12:18:39.154126+01:00 11LSZbook kernel: message repeated 2 times: [ misc dxg: dxgk: dxgkio_query_adapter_info: Ioctl failed: -22]
2026-09-15T12:18:39.154145+01:00 11LSZbook kernel: misc dxg: dxgk: dxgkio_query_adapter_info: Ioctl failed: -2
2026-09-15T12:19:08.784589+01:00 11LSZbook kernel: EXT4-fs (sdd): unmounting filesystem b5ab0d4c-5f1e-4965-94e7-acda07f4b1d2.
2026-09-15T12:19:09.236703+01:00 11LSZbook kernel: EXT4-fs (sdc): unmounting filesystem de62f83d-5d77-47ad-99f0-fe1303dbf4a4.
2026-09-15T12:19:33.352592+01:00 11LSZbook kernel: EXT4-fs (sdd): mounted filesystem b5ab0d4c-5f1e-4965-94e7-acda07f4b1d2 r/w with ordered data mode. Quota mode: none.
2026-09-15T12:19:33.544571+01:00 11LSZbook kernel: EXT4-fs (sdc): mounted filesystem de62f83d-5d77-47ad-99f0-fe1303dbf4a4 r/w with ordered data mode. Quota mode: none.
2026-09-15T12:19:33.588627+01:00 11LSZbook kernel: misc dxg: dxgk: dxgkio_is_feature_enabled: Ioctl failed: -22
2026-09-15T12:19:33.592597+01:00 11LSZbook kernel: misc dxg: dxgk: dxgkio_query_adapter_info: Ioctl failed: -22
2026-09-15T12:19:33.592656+01:00 11LSZbook kernel: message repeated 2 times: [ misc dxg: dxgk: dxgkio_query_adapter_info: Ioctl failed: -22]
2026-09-15T12:19:33.592658+01:00 11LSZbook kernel: misc dxg: dxgk: dxgkio_query_adapter_info: Ioctl failed: -2
2026-09-15T12:19:33.596690+01:00 11LSZbook kernel: misc dxg: dxgk: dxgkio_query_adapter_info: Ioctl failed: -22
2026-09-15T12:19:33.596755+01:00 11LSZbook kernel: message repeated 2 times: [ misc dxg: dxgk: dxgkio_query_adapter_info: Ioctl failed: -22]
2026-09-15T12:19:33.600604+01:00 11LSZbook kernel: misc dxg: dxgk: dxgkio_query_adapter_info: Ioctl failed: -2
2026-09-15T12:19:33.804704+01:00 11LSZbook kernel: misc dxg: dxgk: dxgkio_is_feature_enabled: Ioctl failed: -22
2026-09-15T12:19:33.804755+01:00 11LSZbook kernel: misc dxg: dxgk: dxgkio_query_adapter_info: Ioctl failed: -22
2026-09-15T12:19:33.808575+01:00 11LSZbook kernel: message repeated 2 times: [ misc dxg: dxgk: dxgkio_query_adapter_info: Ioctl failed: -22]
2026-09-15T12:19:33.808576+01:00 11LSZbook kernel: misc dxg: dxgk: dxgkio_query_adapter_info: Ioctl failed: -2
2026-09-15T12:19:33.812593+01:00 11LSZbook kernel: misc dxg: dxgk: dxgkio_query_adapter_info: Ioctl failed: -22
2026-09-15T12:19:33.812648+01:00 11LSZbook kernel: message repeated 2 times: [ misc dxg: dxgk: dxgkio_query_adapter_info: Ioctl failed: -22]
2026-09-15T12:19:33.812650+01:00 11LSZbook kernel: misc dxg: dxgk: dxgkio_query_adapter_info: Ioctl failed: -2
2026-09-15T12:19:48.532661+01:00 11LSZbook kernel: EXT4-fs (sdd): unmounting filesystem b5ab0d4c-5f1e-4965-94e7-acda07f4b1d2.
2026-09-15T12:19:48.869022+01:00 11LSZbook kernel: EXT4-fs (sdc): unmounting filesystem de62f83d-5d77-47ad-99f0-fe1303dbf4a4.
2026-09-15T12:34:42.668607+01:00 11LSZbook kernel: EXT4-fs (sdd): mounted filesystem b5ab0d4c-5f1e-4965-94e7-acda07f4b1d2 r/w with ordered data mode. Quota mode: none.
2026-09-15T12:34:42.900579+01:00 11LSZbook kernel: EXT4-fs (sdc): mounted filesystem de62f83d-5d77-47ad-99f0-fe1303dbf4a4 r/w with ordered data mode. Quota mode: none.
2026-09-15T12:34:42.953348+01:00 11LSZbook kernel: misc dxg: dxgk: dxgkio_is_feature_enabled: Ioctl failed: -22
2026-09-15T12:34:42.953377+01:00 11LSZbook kernel: misc dxg: dxgk: dxgkio_query_adapter_info: Ioctl failed: -22
2026-09-15T12:34:42.953383+01:00 11LSZbook kernel: message repeated 2 times: [ misc dxg: dxgk: dxgkio_query_adapter_info: Ioctl failed: -22]
2026-09-15T12:34:42.953384+01:00 11LSZbook kernel: misc dxg: dxgk: dxgkio_query_adapter_info: Ioctl failed: -2
2026-09-15T12:34:42.956982+01:00 11LSZbook kernel: misc dxg: dxgk: dxgkio_query_adapter_info: Ioctl failed: -22
2026-09-15T12:34:42.957010+01:00 11LSZbook kernel: message repeated 2 times: [ misc dxg: dxgk: dxgkio_query_adapter_info: Ioctl failed: -22]
2026-09-15T12:34:42.960583+01:00 11LSZbook kernel: misc dxg: dxgk: dxgkio_query_adapter_info: Ioctl failed: -2
2026-09-15T12:34:43.144559+01:00 11LSZbook kernel: misc dxg: dxgk: dxgkio_is_feature_enabled: Ioctl failed: -22
2026-09-15T12:34:43.144584+01:00 11LSZbook kernel: misc dxg: dxgk: dxgkio_query_adapter_info: Ioctl failed: -22
2026-09-15T12:34:43.144590+01:00 11LSZbook kernel: message repeated 2 times: [ misc dxg: dxgk: dxgkio_query_adapter_info: Ioctl failed: -22]
2026-09-15T12:34:43.144595+01:00 11LSZbook kernel: misc dxg: dxgk: dxgkio_query_adapter_info: Ioctl failed: -2
2026-09-15T12:34:43.148603+01:00 11LSZbook kernel: misc dxg: dxgk: dxgkio_query_adapter_info: Ioctl failed: -22
2026-09-15T12:34:43.148657+01:00 11LSZbook kernel: message repeated 2 times: [ misc dxg: dxgk: dxgkio_query_adapter_info: Ioctl failed: -22]
2026-09-15T12:34:43.152617+01:00 11LSZbook kernel: misc dxg: dxgk: dxgkio_query_adapter_info: Ioctl failed: -2
2026-09-15T12:34:57.888612+01:00 11LSZbook kernel: EXT4-fs (sdd): unmounting filesystem b5ab0d4c-5f1e-4965-94e7-acda07f4b1d2.
2026-09-15T12:34:58.216576+01:00 11LSZbook kernel: EXT4-fs (sdc): unmounting filesystem de62f83d-5d77-47ad-99f0-fe1303dbf4a4.
2026-09-15T12:35:46.156584+01:00 11LSZbook kernel: EXT4-fs (sdd): mounted filesystem b5ab0d4c-5f1e-4965-94e7-acda07f4b1d2 r/w with ordered data mode. Quota mode: none.
2026-09-15T12:35:46.360588+01:00 11LSZbook kernel: EXT4-fs (sdc): mounted filesystem de62f83d-5d77-47ad-99f0-fe1303dbf4a4 r/w with ordered data mode. Quota mode: none.
2026-09-15T12:35:46.408583+01:00 11LSZbook kernel: misc dxg: dxgk: dxgkio_is_feature_enabled: Ioctl failed: -22
2026-09-15T12:35:46.412585+01:00 11LSZbook kernel: misc dxg: dxgk: dxgkio_query_adapter_info: Ioctl failed: -22
2026-09-15T12:35:46.412639+01:00 11LSZbook kernel: message repeated 2 times: [ misc dxg: dxgk: dxgkio_query_adapter_info: Ioctl failed: -22]
2026-09-15T12:35:46.412641+01:00 11LSZbook kernel: misc dxg: dxgk: dxgkio_query_adapter_info: Ioctl failed: -2
2026-09-15T12:35:46.416641+01:00 11LSZbook kernel: misc dxg: dxgk: dxgkio_query_adapter_info: Ioctl failed: -22
2026-09-15T12:35:46.416697+01:00 11LSZbook kernel: message repeated 2 times: [ misc dxg: dxgk: dxgkio_query_adapter_info: Ioctl failed: -22]
2026-09-15T12:35:46.416698+01:00 11LSZbook kernel: misc dxg: dxgk: dxgkio_query_adapter_info: Ioctl failed: -2
2026-09-15T12:35:46.632750+01:00 11LSZbook kernel: misc dxg: dxgk: dxgkio_is_feature_enabled: Ioctl failed: -22
2026-09-15T12:35:46.632780+01:00 11LSZbook kernel: misc dxg: dxgk: dxgkio_query_adapter_info: Ioctl failed: -22
2026-09-15T12:35:46.637040+01:00 11LSZbook kernel: message repeated 2 times: [ misc dxg: dxgk: dxgkio_query_adapter_info: Ioctl failed: -22]
2026-09-15T12:35:46.637049+01:00 11LSZbook kernel: misc dxg: dxgk: dxgkio_query_adapter_info: Ioctl failed: -2
2026-09-15T12:35:46.637072+01:00 11LSZbook kernel: misc dxg: dxgk: dxgkio_query_adapter_info: Ioctl failed: -22
2026-09-15T12:35:46.640594+01:00 11LSZbook kernel: message repeated 2 times: [ misc dxg: dxgk: dxgkio_query_adapter_info: Ioctl failed: -22]
2026-09-15T12:35:46.640603+01:00 11LSZbook kernel: misc dxg: dxgk: dxgkio_query_adapter_info: Ioctl failed: -2
2026-09-15T12:36:16.348689+01:00 11LSZbook kernel: EXT4-fs (sdd): unmounting filesystem b5ab0d4c-5f1e-4965-94e7-acda07f4b1d2.
2026-09-15T12:36:16.700627+01:00 11LSZbook kernel: EXT4-fs (sdc): unmounting filesystem de62f83d-5d77-47ad-99f0-fe1303dbf4a4.
2026-09-15T13:05:16.620612+01:00 11LSZbook kernel: EXT4-fs (sdd): mounted filesystem b5ab0d4c-5f1e-4965-94e7-acda07f4b1d2 r/w with ordered data mode. Quota mode: none.
2026-09-15T13:05:16.968599+01:00 11LSZbook kernel: EXT4-fs (sdc): mounted filesystem de62f83d-5d77-47ad-99f0-fe1303dbf4a4 r/w with ordered data mode. Quota mode: none.
2026-09-15T13:05:17.130602+01:00 11LSZbook kernel: misc dxg: dxgk: dxgkio_is_feature_enabled: Ioctl failed: -22
2026-09-15T13:05:17.140993+01:00 11LSZbook kernel: misc dxg: dxgk: dxgkio_query_adapter_info: Ioctl failed: -22
2026-09-15T13:05:17.146101+01:00 11LSZbook kernel: message repeated 2 times: [ misc dxg: dxgk: dxgkio_query_adapter_info: Ioctl failed: -22]
2026-09-15T13:05:17.146110+01:00 11LSZbook kernel: misc dxg: dxgk: dxgkio_query_adapter_info: Ioctl failed: -2
2026-09-15T13:05:17.159140+01:00 11LSZbook kernel: misc dxg: dxgk: dxgkio_query_adapter_info: Ioctl failed: -22
2026-09-15T13:05:17.161115+01:00 11LSZbook kernel: message repeated 2 times: [ misc dxg: dxgk: dxgkio_query_adapter_info: Ioctl failed: -22]
2026-09-15T13:05:17.166410+01:00 11LSZbook kernel: misc dxg: dxgk: dxgkio_query_adapter_info: Ioctl failed: -2
2026-09-15T13:05:17.384641+01:00 11LSZbook kernel: misc dxg: dxgk: dxgkio_is_feature_enabled: Ioctl failed: -22
2026-09-15T13:05:17.388617+01:00 11LSZbook kernel: misc dxg: dxgk: dxgkio_query_adapter_info: Ioctl failed: -22
2026-09-15T13:05:17.388675+01:00 11LSZbook kernel: message repeated 2 times: [ misc dxg: dxgk: dxgkio_query_adapter_info: Ioctl failed: -22]
2026-09-15T13:05:17.393077+01:00 11LSZbook kernel: misc dxg: dxgk: dxgkio_query_adapter_info: Ioctl failed: -2
2026-09-15T13:05:17.393135+01:00 11LSZbook kernel: misc dxg: dxgk: dxgkio_query_adapter_info: Ioctl failed: -22
2026-09-15T13:05:17.396624+01:00 11LSZbook kernel: message repeated 2 times: [ misc dxg: dxgk: dxgkio_query_adapter_info: Ioctl failed: -22]
2026-09-15T13:05:17.396639+01:00 11LSZbook kernel: misc dxg: dxgk: dxgkio_query_adapter_info: Ioctl failed: -2
2026-09-15T13:05:32.432632+01:00 11LSZbook kernel: EXT4-fs (sdc): unmounting filesystem de62f83d-5d77-47ad-99f0-fe1303dbf4a4.
2026-09-15T13:05:46.936646+01:00 11LSZbook kernel: EXT4-fs (sdd): unmounting filesystem b5ab0d4c-5f1e-4965-94e7-acda07f4b1d2.
2026-09-15T13:06:20.288584+01:00 11LSZbook kernel: EXT4-fs (sdd): mounted filesystem b5ab0d4c-5f1e-4965-94e7-acda07f4b1d2 r/w with ordered data mode. Quota mode: none.
2026-09-15T13:06:20.556597+01:00 11LSZbook kernel: EXT4-fs (sdc): mounted filesystem de62f83d-5d77-47ad-99f0-fe1303dbf4a4 r/w with ordered data mode. Quota mode: none.
2026-09-15T13:06:20.621257+01:00 11LSZbook kernel: misc dxg: dxgk: dxgkio_is_feature_enabled: Ioctl failed: -22
2026-09-15T13:06:20.629215+01:00 11LSZbook kernel: misc dxg: dxgk: dxgkio_query_adapter_info: Ioctl failed: -22
2026-09-15T13:06:20.629367+01:00 11LSZbook kernel: message repeated 2 times: [ misc dxg: dxgk: dxgkio_query_adapter_info: Ioctl failed: -22]
2026-09-15T13:06:20.629374+01:00 11LSZbook kernel: misc dxg: dxgk: dxgkio_query_adapter_info: Ioctl failed: -2
2026-09-15T13:06:20.632940+01:00 11LSZbook kernel: misc dxg: dxgk: dxgkio_query_adapter_info: Ioctl failed: -22
2026-09-15T13:06:20.637325+01:00 11LSZbook kernel: message repeated 2 times: [ misc dxg: dxgk: dxgkio_query_adapter_info: Ioctl failed: -22]
2026-09-15T13:06:20.640746+01:00 11LSZbook kernel: misc dxg: dxgk: dxgkio_query_adapter_info: Ioctl failed: -2
2026-09-15T13:06:20.932665+01:00 11LSZbook kernel: misc dxg: dxgk: dxgkio_is_feature_enabled: Ioctl failed: -22
2026-09-15T13:06:20.936820+01:00 11LSZbook kernel: misc dxg: dxgk: dxgkio_query_adapter_info: Ioctl failed: -22
2026-09-15T13:06:20.940821+01:00 11LSZbook kernel: message repeated 2 times: [ misc dxg: dxgk: dxgkio_query_adapter_info: Ioctl failed: -22]
2026-09-15T13:06:20.944670+01:00 11LSZbook kernel: misc dxg: dxgk: dxgkio_query_adapter_info: Ioctl failed: -2
2026-09-15T13:06:20.958246+01:00 11LSZbook kernel: misc dxg: dxgk: dxgkio_query_adapter_info: Ioctl failed: -22
2026-09-15T13:06:20.962077+01:00 11LSZbook kernel: message repeated 2 times: [ misc dxg: dxgk: dxgkio_query_adapter_info: Ioctl failed: -22]
2026-09-15T13:06:20.964773+01:00 11LSZbook kernel: misc dxg: dxgk: dxgkio_query_adapter_info: Ioctl failed: -2
2026-09-15T13:06:50.536572+01:00 11LSZbook kernel: EXT4-fs (sdd): unmounting filesystem b5ab0d4c-5f1e-4965-94e7-acda07f4b1d2.
2026-09-15T13:06:51.036597+01:00 11LSZbook kernel: EXT4-fs (sdc): unmounting filesystem de62f83d-5d77-47ad-99f0-fe1303dbf4a4.
2026-09-15T13:33:05.188720+01:00 11LSZbook kernel: EXT4-fs (sdd): mounted filesystem b5ab0d4c-5f1e-4965-94e7-acda07f4b1d2 r/w with ordered data mode. Quota mode: none.
2026-09-15T13:33:05.504572+01:00 11LSZbook kernel: EXT4-fs (sdc): mounted filesystem de62f83d-5d77-47ad-99f0-fe1303dbf4a4 r/w with ordered data mode. Quota mode: none.
2026-09-15T13:33:05.661331+01:00 11LSZbook kernel: misc dxg: dxgk: dxgkio_is_feature_enabled: Ioctl failed: -22
2026-09-15T13:33:05.668591+01:00 11LSZbook kernel: misc dxg: dxgk: dxgkio_query_adapter_info: Ioctl failed: -22
2026-09-15T13:33:05.668718+01:00 11LSZbook kernel: message repeated 2 times: [ misc dxg: dxgk: dxgkio_query_adapter_info: Ioctl failed: -22]
2026-09-15T13:33:05.668720+01:00 11LSZbook kernel: misc dxg: dxgk: dxgkio_query_adapter_info: Ioctl failed: -2
2026-09-15T13:33:05.672936+01:00 11LSZbook kernel: misc dxg: dxgk: dxgkio_query_adapter_info: Ioctl failed: -22
2026-09-15T13:33:05.673714+01:00 11LSZbook kernel: message repeated 2 times: [ misc dxg: dxgk: dxgkio_query_adapter_info: Ioctl failed: -22]
2026-09-15T13:33:05.676751+01:00 11LSZbook kernel: misc dxg: dxgk: dxgkio_query_adapter_info: Ioctl failed: -2
2026-09-15T13:33:05.932666+01:00 11LSZbook kernel: misc dxg: dxgk: dxgkio_is_feature_enabled: Ioctl failed: -22
2026-09-15T13:33:05.936814+01:00 11LSZbook kernel: misc dxg: dxgk: dxgkio_query_adapter_info: Ioctl failed: -22
2026-09-15T13:33:05.936920+01:00 11LSZbook kernel: message repeated 2 times: [ misc dxg: dxgk: dxgkio_query_adapter_info: Ioctl failed: -22]
2026-09-15T13:33:05.936925+01:00 11LSZbook kernel: misc dxg: dxgk: dxgkio_query_adapter_info: Ioctl failed: -2
2026-09-15T13:33:05.941177+01:00 11LSZbook kernel: misc dxg: dxgk: dxgkio_query_adapter_info: Ioctl failed: -22
2026-09-15T13:33:05.941309+01:00 11LSZbook kernel: message repeated 2 times: [ misc dxg: dxgk: dxgkio_query_adapter_info: Ioctl failed: -22]
2026-09-15T13:33:05.944673+01:00 11LSZbook kernel: misc dxg: dxgk: dxgkio_query_adapter_info: Ioctl failed: -2
2026-09-15T13:33:20.464636+01:00 11LSZbook kernel: EXT4-fs (sdd): unmounting filesystem b5ab0d4c-5f1e-4965-94e7-acda07f4b1d2.
2026-09-15T13:33:21.012654+01:00 11LSZbook kernel: EXT4-fs (sdc): unmounting filesystem de62f83d-5d77-47ad-99f0-fe1303dbf4a4.
2026-09-15T13:33:26.660698+01:00 11LSZbook kernel: EXT4-fs (sdd): mounted filesystem b5ab0d4c-5f1e-4965-94e7-acda07f4b1d2 r/w with ordered data mode. Quota mode: none.
2026-09-15T13:33:26.908655+01:00 11LSZbook kernel: EXT4-fs (sdc): mounted filesystem de62f83d-5d77-47ad-99f0-fe1303dbf4a4 r/w with ordered data mode. Quota mode: none.
2026-09-15T13:33:26.996593+01:00 11LSZbook kernel: misc dxg: dxgk: dxgkio_is_feature_enabled: Ioctl failed: -22
2026-09-15T13:33:27.001320+01:00 11LSZbook kernel: misc dxg: dxgk: dxgkio_query_adapter_info: Ioctl failed: -22
2026-09-15T13:33:27.001380+01:00 11LSZbook kernel: message repeated 2 times: [ misc dxg: dxgk: dxgkio_query_adapter_info: Ioctl failed: -22]
2026-09-15T13:33:27.004633+01:00 11LSZbook kernel: misc dxg: dxgk: dxgkio_query_adapter_info: Ioctl failed: -2
2026-09-15T13:33:27.004689+01:00 11LSZbook kernel: misc dxg: dxgk: dxgkio_query_adapter_info: Ioctl failed: -22
2026-09-15T13:33:27.008659+01:00 11LSZbook kernel: message repeated 2 times: [ misc dxg: dxgk: dxgkio_query_adapter_info: Ioctl failed: -22]
2026-09-15T13:33:27.008683+01:00 11LSZbook kernel: misc dxg: dxgk: dxgkio_query_adapter_info: Ioctl failed: -2
2026-09-15T13:33:27.229050+01:00 11LSZbook kernel: misc dxg: dxgk: dxgkio_is_feature_enabled: Ioctl failed: -22
2026-09-15T13:33:27.229083+01:00 11LSZbook kernel: misc dxg: dxgk: dxgkio_query_adapter_info: Ioctl failed: -22
2026-09-15T13:33:27.232568+01:00 11LSZbook kernel: message repeated 2 times: [ misc dxg: dxgk: dxgkio_query_adapter_info: Ioctl failed: -22]
2026-09-15T13:33:27.232569+01:00 11LSZbook kernel: misc dxg: dxgk: dxgkio_query_adapter_info: Ioctl failed: -2
2026-09-15T13:33:27.236976+01:00 11LSZbook kernel: misc dxg: dxgk: dxgkio_query_adapter_info: Ioctl failed: -22
2026-09-15T13:33:27.237018+01:00 11LSZbook kernel: message repeated 2 times: [ misc dxg: dxgk: dxgkio_query_adapter_info: Ioctl failed: -22]
2026-09-15T13:33:27.237019+01:00 11LSZbook kernel: misc dxg: dxgk: dxgkio_query_adapter_info: Ioctl failed: -2
2026-09-15T13:33:41.924624+01:00 11LSZbook kernel: EXT4-fs (sdd): unmounting filesystem b5ab0d4c-5f1e-4965-94e7-acda07f4b1d2.
2026-09-15T13:33:42.296637+01:00 11LSZbook kernel: EXT4-fs (sdc): unmounting filesystem de62f83d-5d77-47ad-99f0-fe1303dbf4a4.
2026-09-15T13:36:34.856784+01:00 11LSZbook kernel: EXT4-fs (sdd): mounted filesystem b5ab0d4c-5f1e-4965-94e7-acda07f4b1d2 r/w with ordered data mode. Quota mode: none.
2026-09-15T13:36:35.128639+01:00 11LSZbook kernel: EXT4-fs (sdc): mounted filesystem de62f83d-5d77-47ad-99f0-fe1303dbf4a4 r/w with ordered data mode. Quota mode: none.
2026-09-15T13:36:35.201340+01:00 11LSZbook kernel: misc dxg: dxgk: dxgkio_is_feature_enabled: Ioctl failed: -22
2026-09-15T13:36:35.204965+01:00 11LSZbook kernel: misc dxg: dxgk: dxgkio_query_adapter_info: Ioctl failed: -22
2026-09-15T13:36:35.205004+01:00 11LSZbook kernel: message repeated 2 times: [ misc dxg: dxgk: dxgkio_query_adapter_info: Ioctl failed: -22]
2026-09-15T13:36:35.208651+01:00 11LSZbook kernel: misc dxg: dxgk: dxgkio_query_adapter_info: Ioctl failed: -2
2026-09-15T13:36:35.208673+01:00 11LSZbook kernel: misc dxg: dxgk: dxgkio_query_adapter_info: Ioctl failed: -22
2026-09-15T13:36:35.212718+01:00 11LSZbook kernel: message repeated 2 times: [ misc dxg: dxgk: dxgkio_query_adapter_info: Ioctl failed: -22]
2026-09-15T13:36:35.212719+01:00 11LSZbook kernel: misc dxg: dxgk: dxgkio_query_adapter_info: Ioctl failed: -2
2026-09-15T13:36:35.420580+01:00 11LSZbook kernel: misc dxg: dxgk: dxgkio_is_feature_enabled: Ioctl failed: -22
2026-09-15T13:36:35.424564+01:00 11LSZbook kernel: misc dxg: dxgk: dxgkio_query_adapter_info: Ioctl failed: -22
2026-09-15T13:36:35.424655+01:00 11LSZbook kernel: message repeated 2 times: [ misc dxg: dxgk: dxgkio_query_adapter_info: Ioctl failed: -22]
2026-09-15T13:36:35.424658+01:00 11LSZbook kernel: misc dxg: dxgk: dxgkio_query_adapter_info: Ioctl failed: -2
2026-09-15T13:36:35.428940+01:00 11LSZbook kernel: misc dxg: dxgk: dxgkio_query_adapter_info: Ioctl failed: -22
2026-09-15T13:36:35.428982+01:00 11LSZbook kernel: message repeated 2 times: [ misc dxg: dxgk: dxgkio_query_adapter_info: Ioctl failed: -22]
2026-09-15T13:36:35.428983+01:00 11LSZbook kernel: misc dxg: dxgk: dxgkio_query_adapter_info: Ioctl failed: -2
2026-09-15T13:36:50.144643+01:00 11LSZbook kernel: EXT4-fs (sdd): unmounting filesystem b5ab0d4c-5f1e-4965-94e7-acda07f4b1d2.
2026-09-15T13:36:50.540559+01:00 11LSZbook kernel: EXT4-fs (sdc): unmounting filesystem de62f83d-5d77-47ad-99f0-fe1303dbf4a4.
2026-09-15T13:36:56.260562+01:00 11LSZbook kernel: EXT4-fs (sdd): mounted filesystem b5ab0d4c-5f1e-4965-94e7-acda07f4b1d2 r/w with ordered data mode. Quota mode: none.
2026-09-15T13:36:56.468567+01:00 11LSZbook kernel: EXT4-fs (sdc): mounted filesystem de62f83d-5d77-47ad-99f0-fe1303dbf4a4 r/w with ordered data mode. Quota mode: none.
2026-09-15T13:36:56.532633+01:00 11LSZbook kernel: misc dxg: dxgk: dxgkio_is_feature_enabled: Ioctl failed: -22
2026-09-15T13:36:56.537043+01:00 11LSZbook kernel: misc dxg: dxgk: dxgkio_query_adapter_info: Ioctl failed: -22
2026-09-15T13:36:56.537090+01:00 11LSZbook kernel: message repeated 2 times: [ misc dxg: dxgk: dxgkio_query_adapter_info: Ioctl failed: -22]
2026-09-15T13:36:56.537091+01:00 11LSZbook kernel: misc dxg: dxgk: dxgkio_query_adapter_info: Ioctl failed: -2
2026-09-15T13:36:56.540910+01:00 11LSZbook kernel: misc dxg: dxgk: dxgkio_query_adapter_info: Ioctl failed: -22
2026-09-15T13:36:56.540931+01:00 11LSZbook kernel: message repeated 2 times: [ misc dxg: dxgk: dxgkio_query_adapter_info: Ioctl failed: -22]
2026-09-15T13:36:56.544601+01:00 11LSZbook kernel: misc dxg: dxgk: dxgkio_query_adapter_info: Ioctl failed: -2
2026-09-15T13:36:56.708637+01:00 11LSZbook kernel: misc dxg: dxgk: dxgkio_is_feature_enabled: Ioctl failed: -22
2026-09-15T13:36:56.712785+01:00 11LSZbook kernel: misc dxg: dxgk: dxgkio_query_adapter_info: Ioctl failed: -22
2026-09-15T13:36:56.716769+01:00 11LSZbook kernel: message repeated 2 times: [ misc dxg: dxgk: dxgkio_query_adapter_info: Ioctl failed: -22]
2026-09-15T13:36:56.716778+01:00 11LSZbook kernel: misc dxg: dxgk: dxgkio_query_adapter_info: Ioctl failed: -2
2026-09-15T13:36:56.720718+01:00 11LSZbook kernel: misc dxg: dxgk: dxgkio_query_adapter_info: Ioctl failed: -22
2026-09-15T13:36:56.720746+01:00 11LSZbook kernel: message repeated 2 times: [ misc dxg: dxgk: dxgkio_query_adapter_info: Ioctl failed: -22]
2026-09-15T13:36:56.724544+01:00 11LSZbook kernel: misc dxg: dxgk: dxgkio_query_adapter_info: Ioctl failed: -2
2026-09-15T13:37:11.452730+01:00 11LSZbook kernel: EXT4-fs (sdd): unmounting filesystem b5ab0d4c-5f1e-4965-94e7-acda07f4b1d2.
2026-09-15T13:37:11.836635+01:00 11LSZbook kernel: EXT4-fs (sdc): unmounting filesystem de62f83d-5d77-47ad-99f0-fe1303dbf4a4.
2026-09-15T14:00:20.744689+01:00 11LSZbook kernel: EXT4-fs (sdd): mounted filesystem b5ab0d4c-5f1e-4965-94e7-acda07f4b1d2 r/w with ordered data mode. Quota mode: none.
2026-09-15T14:00:21.120606+01:00 11LSZbook kernel: EXT4-fs (sdc): mounted filesystem de62f83d-5d77-47ad-99f0-fe1303dbf4a4 r/w with ordered data mode. Quota mode: none.
2026-09-15T14:00:21.300651+01:00 11LSZbook kernel: misc dxg: dxgk: dxgkio_is_feature_enabled: Ioctl failed: -22
2026-09-15T14:00:21.307099+01:00 11LSZbook kernel: misc dxg: dxgk: dxgkio_query_adapter_info: Ioctl failed: -22
2026-09-15T14:00:21.307187+01:00 11LSZbook kernel: message repeated 2 times: [ misc dxg: dxgk: dxgkio_query_adapter_info: Ioctl failed: -22]
2026-09-15T14:00:21.308721+01:00 11LSZbook kernel: misc dxg: dxgk: dxgkio_query_adapter_info: Ioctl failed: -2
2026-09-15T14:00:21.313243+01:00 11LSZbook kernel: misc dxg: dxgk: dxgkio_query_adapter_info: Ioctl failed: -22
2026-09-15T14:00:21.313329+01:00 11LSZbook kernel: message repeated 2 times: [ misc dxg: dxgk: dxgkio_query_adapter_info: Ioctl failed: -22]
2026-09-15T14:00:21.316941+01:00 11LSZbook kernel: misc dxg: dxgk: dxgkio_query_adapter_info: Ioctl failed: -2
2026-09-15T14:00:21.596775+01:00 11LSZbook kernel: misc dxg: dxgk: dxgkio_is_feature_enabled: Ioctl failed: -22
2026-09-15T14:00:21.600665+01:00 11LSZbook kernel: misc dxg: dxgk: dxgkio_query_adapter_info: Ioctl failed: -22
2026-09-15T14:00:21.600762+01:00 11LSZbook kernel: message repeated 2 times: [ misc dxg: dxgk: dxgkio_query_adapter_info: Ioctl failed: -22]
2026-09-15T14:00:21.600777+01:00 11LSZbook kernel: misc dxg: dxgk: dxgkio_query_adapter_info: Ioctl failed: -2
2026-09-15T14:00:21.604962+01:00 11LSZbook kernel: misc dxg: dxgk: dxgkio_query_adapter_info: Ioctl failed: -22
2026-09-15T14:00:21.608543+01:00 11LSZbook kernel: message repeated 2 times: [ misc dxg: dxgk: dxgkio_query_adapter_info: Ioctl failed: -22]
2026-09-15T14:00:21.608555+01:00 11LSZbook kernel: misc dxg: dxgk: dxgkio_query_adapter_info: Ioctl failed: -2
2026-09-15T14:00:36.100650+01:00 11LSZbook kernel: EXT4-fs (sdd): unmounting filesystem b5ab0d4c-5f1e-4965-94e7-acda07f4b1d2.
2026-09-15T14:00:51.684624+01:00 11LSZbook kernel: EXT4-fs (sdc): unmounting filesystem de62f83d-5d77-47ad-99f0-fe1303dbf4a4.
2026-09-15T15:02:14.073091+01:00 11LSZbook kernel: EXT4-fs (sdd): mounted filesystem b5ab0d4c-5f1e-4965-94e7-acda07f4b1d2 r/w with ordered data mode. Quota mode: none.
2026-09-15T15:02:14.432571+01:00 11LSZbook kernel: EXT4-fs (sdc): mounted filesystem de62f83d-5d77-47ad-99f0-fe1303dbf4a4 r/w with ordered data mode. Quota mode: none.
2026-09-15T15:02:14.672730+01:00 11LSZbook kernel: misc dxg: dxgk: dxgkio_is_feature_enabled: Ioctl failed: -22
2026-09-15T15:02:14.672755+01:00 11LSZbook kernel: misc dxg: dxgk: dxgkio_query_adapter_info: Ioctl failed: -22
2026-09-15T15:02:14.672933+01:00 11LSZbook kernel: message repeated 2 times: [ misc dxg: dxgk: dxgkio_query_adapter_info: Ioctl failed: -22]
2026-09-15T15:02:14.676636+01:00 11LSZbook kernel: misc dxg: dxgk: dxgkio_query_adapter_info: Ioctl failed: -2
2026-09-15T15:02:14.676870+01:00 11LSZbook kernel: misc dxg: dxgk: dxgkio_query_adapter_info: Ioctl failed: -22
2026-09-15T15:02:14.680642+01:00 11LSZbook kernel: message repeated 2 times: [ misc dxg: dxgk: dxgkio_query_adapter_info: Ioctl failed: -22]
2026-09-15T15:02:14.680643+01:00 11LSZbook kernel: misc dxg: dxgk: dxgkio_query_adapter_info: Ioctl failed: -2
2026-09-15T15:02:15.033001+01:00 11LSZbook kernel: misc dxg: dxgk: dxgkio_is_feature_enabled: Ioctl failed: -22
2026-09-15T15:02:15.033078+01:00 11LSZbook kernel: misc dxg: dxgk: dxgkio_query_adapter_info: Ioctl failed: -22
2026-09-15T15:02:15.033180+01:00 11LSZbook kernel: message repeated 2 times: [ misc dxg: dxgk: dxgkio_query_adapter_info: Ioctl failed: -22]
2026-09-15T15:02:15.037244+01:00 11LSZbook kernel: misc dxg: dxgk: dxgkio_query_adapter_info: Ioctl failed: -2
2026-09-15T15:02:15.037303+01:00 11LSZbook kernel: misc dxg: dxgk: dxgkio_query_adapter_info: Ioctl failed: -22
2026-09-15T15:02:15.040971+01:00 11LSZbook kernel: message repeated 2 times: [ misc dxg: dxgk: dxgkio_query_adapter_info: Ioctl failed: -22]
2026-09-15T15:02:15.040972+01:00 11LSZbook kernel: misc dxg: dxgk: dxgkio_query_adapter_info: Ioctl failed: -2
2026-09-15T15:02:29.440704+01:00 11LSZbook kernel: EXT4-fs (sdd): unmounting filesystem b5ab0d4c-5f1e-4965-94e7-acda07f4b1d2.
2026-09-15T15:02:30.412868+01:00 11LSZbook kernel: EXT4-fs (sdc): unmounting filesystem de62f83d-5d77-47ad-99f0-fe1303dbf4a4.
2026-09-15T15:06:53.913523+01:00 11LSZbook kernel: EXT4-fs (sdd): mounted filesystem b5ab0d4c-5f1e-4965-94e7-acda07f4b1d2 r/w with ordered data mode. Quota mode: none.
2026-09-15T15:06:54.633103+01:00 11LSZbook kernel: EXT4-fs (sdc): mounted filesystem de62f83d-5d77-47ad-99f0-fe1303dbf4a4 r/w with ordered data mode. Quota mode: none.
2026-09-15T15:06:54.869011+01:00 11LSZbook kernel: misc dxg: dxgk: dxgkio_is_feature_enabled: Ioctl failed: -22
2026-09-15T15:06:54.876987+01:00 11LSZbook kernel: misc dxg: dxgk: dxgkio_query_adapter_info: Ioctl failed: -22
2026-09-15T15:06:54.881149+01:00 11LSZbook kernel: message repeated 2 times: [ misc dxg: dxgk: dxgkio_query_adapter_info: Ioctl failed: -22]
2026-09-15T15:06:54.881160+01:00 11LSZbook kernel: misc dxg: dxgk: dxgkio_query_adapter_info: Ioctl failed: -2
2026-09-15T15:06:54.890146+01:00 11LSZbook kernel: misc dxg: dxgk: dxgkio_query_adapter_info: Ioctl failed: -22
2026-09-15T15:06:54.892847+01:00 11LSZbook kernel: message repeated 2 times: [ misc dxg: dxgk: dxgkio_query_adapter_info: Ioctl failed: -22]
2026-09-15T15:06:54.896577+01:00 11LSZbook kernel: misc dxg: dxgk: dxgkio_query_adapter_info: Ioctl failed: -2
2026-09-15T15:06:55.531075+01:00 11LSZbook kernel: misc dxg: dxgk: dxgkio_is_feature_enabled: Ioctl failed: -22
2026-09-15T15:06:55.569364+01:00 11LSZbook kernel: misc dxg: dxgk: dxgkio_query_adapter_info: Ioctl failed: -22
2026-09-15T15:06:55.576585+01:00 11LSZbook kernel: message repeated 2 times: [ misc dxg: dxgk: dxgkio_query_adapter_info: Ioctl failed: -22]
2026-09-15T15:06:55.603943+01:00 11LSZbook kernel: misc dxg: dxgk: dxgkio_query_adapter_info: Ioctl failed: -2
2026-09-15T15:06:55.609019+01:00 11LSZbook kernel: misc dxg: dxgk: dxgkio_query_adapter_info: Ioctl failed: -22
2026-09-15T15:06:55.620968+01:00 11LSZbook kernel: message repeated 2 times: [ misc dxg: dxgk: dxgkio_query_adapter_info: Ioctl failed: -22]
2026-09-15T15:06:55.628127+01:00 11LSZbook kernel: misc dxg: dxgk: dxgkio_query_adapter_info: Ioctl failed: -2
2026-09-15T15:07:09.640723+01:00 11LSZbook kernel: EXT4-fs (sdd): unmounting filesystem b5ab0d4c-5f1e-4965-94e7-acda07f4b1d2.
2026-09-15T15:07:10.636746+01:00 11LSZbook kernel: EXT4-fs (sdc): unmounting filesystem de62f83d-5d77-47ad-99f0-fe1303dbf4a4.
2026-09-15T15:11:29.616643+01:00 11LSZbook kernel: EXT4-fs (sdd): mounted filesystem b5ab0d4c-5f1e-4965-94e7-acda07f4b1d2 r/w with ordered data mode. Quota mode: none.
2026-09-15T15:11:29.896601+01:00 11LSZbook kernel: EXT4-fs (sdc): mounted filesystem de62f83d-5d77-47ad-99f0-fe1303dbf4a4 r/w with ordered data mode. Quota mode: none.
2026-09-15T15:11:30.008613+01:00 11LSZbook kernel: misc dxg: dxgk: dxgkio_is_feature_enabled: Ioctl failed: -22
2026-09-15T15:11:30.012608+01:00 11LSZbook kernel: misc dxg: dxgk: dxgkio_query_adapter_info: Ioctl failed: -22
2026-09-15T15:11:30.012670+01:00 11LSZbook kernel: message repeated 2 times: [ misc dxg: dxgk: dxgkio_query_adapter_info: Ioctl failed: -22]
2026-09-15T15:11:30.012672+01:00 11LSZbook kernel: misc dxg: dxgk: dxgkio_query_adapter_info: Ioctl failed: -2
2026-09-15T15:11:30.017339+01:00 11LSZbook kernel: misc dxg: dxgk: dxgkio_query_adapter_info: Ioctl failed: -22
2026-09-15T15:11:30.017925+01:00 11LSZbook kernel: message repeated 2 times: [ misc dxg: dxgk: dxgkio_query_adapter_info: Ioctl failed: -22]
2026-09-15T15:11:30.020615+01:00 11LSZbook kernel: misc dxg: dxgk: dxgkio_query_adapter_info: Ioctl failed: -2
2026-09-15T15:11:30.308568+01:00 11LSZbook kernel: misc dxg: dxgk: dxgkio_is_feature_enabled: Ioctl failed: -22
2026-09-15T15:11:30.312633+01:00 11LSZbook kernel: misc dxg: dxgk: dxgkio_query_adapter_info: Ioctl failed: -22
2026-09-15T15:11:30.317041+01:00 11LSZbook kernel: message repeated 2 times: [ misc dxg: dxgk: dxgkio_query_adapter_info: Ioctl failed: -22]
2026-09-15T15:11:30.317051+01:00 11LSZbook kernel: misc dxg: dxgk: dxgkio_query_adapter_info: Ioctl failed: -2
2026-09-15T15:11:30.317078+01:00 11LSZbook kernel: misc dxg: dxgk: dxgkio_query_adapter_info: Ioctl failed: -22
2026-09-15T15:11:30.320565+01:00 11LSZbook kernel: message repeated 2 times: [ misc dxg: dxgk: dxgkio_query_adapter_info: Ioctl failed: -22]
2026-09-15T15:11:30.320575+01:00 11LSZbook kernel: misc dxg: dxgk: dxgkio_query_adapter_info: Ioctl failed: -2
2026-09-15T15:11:44.868665+01:00 11LSZbook kernel: EXT4-fs (sdd): unmounting filesystem b5ab0d4c-5f1e-4965-94e7-acda07f4b1d2.
2026-09-15T15:11:45.400748+01:00 11LSZbook kernel: EXT4-fs (sdc): unmounting filesystem de62f83d-5d77-47ad-99f0-fe1303dbf4a4.
2026-09-15T15:11:51.152568+01:00 11LSZbook kernel: EXT4-fs (sdd): mounted filesystem b5ab0d4c-5f1e-4965-94e7-acda07f4b1d2 r/w with ordered data mode. Quota mode: none.
2026-09-15T15:11:51.344565+01:00 11LSZbook kernel: EXT4-fs (sdc): mounted filesystem de62f83d-5d77-47ad-99f0-fe1303dbf4a4 r/w with ordered data mode. Quota mode: none.
2026-09-15T15:11:51.408552+01:00 11LSZbook kernel: misc dxg: dxgk: dxgkio_is_feature_enabled: Ioctl failed: -22
2026-09-15T15:11:51.417318+01:00 11LSZbook kernel: misc dxg: dxgk: dxgkio_query_adapter_info: Ioctl failed: -22
2026-09-15T15:11:51.417343+01:00 11LSZbook kernel: message repeated 2 times: [ misc dxg: dxgk: dxgkio_query_adapter_info: Ioctl failed: -22]
2026-09-15T15:11:51.417344+01:00 11LSZbook kernel: misc dxg: dxgk: dxgkio_query_adapter_info: Ioctl failed: -2
2026-09-15T15:11:51.421272+01:00 11LSZbook kernel: misc dxg: dxgk: dxgkio_query_adapter_info: Ioctl failed: -22
2026-09-15T15:11:51.421304+01:00 11LSZbook kernel: message repeated 2 times: [ misc dxg: dxgk: dxgkio_query_adapter_info: Ioctl failed: -22]
2026-09-15T15:11:51.424549+01:00 11LSZbook kernel: misc dxg: dxgk: dxgkio_query_adapter_info: Ioctl failed: -2
2026-09-15T15:11:51.608602+01:00 11LSZbook kernel: misc dxg: dxgk: dxgkio_is_feature_enabled: Ioctl failed: -22
2026-09-15T15:11:51.612955+01:00 11LSZbook kernel: misc dxg: dxgk: dxgkio_query_adapter_info: Ioctl failed: -22
2026-09-15T15:11:51.613009+01:00 11LSZbook kernel: message repeated 2 times: [ misc dxg: dxgk: dxgkio_query_adapter_info: Ioctl failed: -22]
2026-09-15T15:11:51.613010+01:00 11LSZbook kernel: misc dxg: dxgk: dxgkio_query_adapter_info: Ioctl failed: -2
2026-09-15T15:11:51.616573+01:00 11LSZbook kernel: misc dxg: dxgk: dxgkio_query_adapter_info: Ioctl failed: -22
2026-09-15T15:11:51.616623+01:00 11LSZbook kernel: message repeated 2 times: [ misc dxg: dxgk: dxgkio_query_adapter_info: Ioctl failed: -22]
2026-09-15T15:11:51.616624+01:00 11LSZbook kernel: misc dxg: dxgk: dxgkio_query_adapter_info: Ioctl failed: -2
2026-09-15T15:12:06.332688+01:00 11LSZbook kernel: EXT4-fs (sdd): unmounting filesystem b5ab0d4c-5f1e-4965-94e7-acda07f4b1d2.
2026-09-15T15:12:06.644811+01:00 11LSZbook kernel: EXT4-fs (sdc): unmounting filesystem de62f83d-5d77-47ad-99f0-fe1303dbf4a4.
2026-09-15T15:44:19.928894+01:00 11LSZbook kernel: EXT4-fs (sdd): mounted filesystem b5ab0d4c-5f1e-4965-94e7-acda07f4b1d2 r/w with ordered data mode. Quota mode: none.
2026-09-15T15:44:20.996651+01:00 11LSZbook kernel: EXT4-fs (sdc): mounted filesystem de62f83d-5d77-47ad-99f0-fe1303dbf4a4 r/w with ordered data mode. Quota mode: none.
2026-09-15T15:44:21.204785+01:00 11LSZbook kernel: misc dxg: dxgk: dxgkio_is_feature_enabled: Ioctl failed: -22
2026-09-15T15:44:21.217134+01:00 11LSZbook kernel: misc dxg: dxgk: dxgkio_query_adapter_info: Ioctl failed: -22
2026-09-15T15:44:21.217397+01:00 11LSZbook kernel: message repeated 2 times: [ misc dxg: dxgk: dxgkio_query_adapter_info: Ioctl failed: -22]
2026-09-15T15:44:21.228060+01:00 11LSZbook kernel: misc dxg: dxgk: dxgkio_query_adapter_info: Ioctl failed: -2
2026-09-15T15:44:21.232934+01:00 11LSZbook kernel: misc dxg: dxgk: dxgkio_query_adapter_info: Ioctl failed: -22
2026-09-15T15:44:21.236590+01:00 11LSZbook kernel: message repeated 2 times: [ misc dxg: dxgk: dxgkio_query_adapter_info: Ioctl failed: -22]
2026-09-15T15:44:21.240640+01:00 11LSZbook kernel: misc dxg: dxgk: dxgkio_query_adapter_info: Ioctl failed: -2
2026-09-15T15:44:21.812731+01:00 11LSZbook kernel: misc dxg: dxgk: dxgkio_is_feature_enabled: Ioctl failed: -22
2026-09-15T15:44:21.820659+01:00 11LSZbook kernel: misc dxg: dxgk: dxgkio_query_adapter_info: Ioctl failed: -22
2026-09-15T15:44:21.820705+01:00 11LSZbook kernel: message repeated 2 times: [ misc dxg: dxgk: dxgkio_query_adapter_info: Ioctl failed: -22]
2026-09-15T15:44:21.824946+01:00 11LSZbook kernel: misc dxg: dxgk: dxgkio_query_adapter_info: Ioctl failed: -2
2026-09-15T15:44:21.833139+01:00 11LSZbook kernel: misc dxg: dxgk: dxgkio_query_adapter_info: Ioctl failed: -22
2026-09-15T15:44:21.834803+01:00 11LSZbook kernel: message repeated 2 times: [ misc dxg: dxgk: dxgkio_query_adapter_info: Ioctl failed: -22]
2026-09-15T15:44:21.835192+01:00 11LSZbook kernel: misc dxg: dxgk: dxgkio_query_adapter_info: Ioctl failed: -2
2026-09-15T15:44:35.988597+01:00 11LSZbook kernel: EXT4-fs (sdd): unmounting filesystem b5ab0d4c-5f1e-4965-94e7-acda07f4b1d2.
2026-09-15T15:44:36.872601+01:00 11LSZbook kernel: EXT4-fs (sdc): unmounting filesystem de62f83d-5d77-47ad-99f0-fe1303dbf4a4.
2026-09-16T07:40:23.943876+01:00 11LSZbook kernel: Linux version 6.18.33.2-microsoft-standard-WSL2 (root@f1bbfb02316b) (gcc (GCC) 13.2.0, GNU ld (GNU Binutils) 2.41) #1 SMP PREEMPT_DYNAMIC Thu Jun 18 21:54:43 UTC 2026
2026-09-16T07:40:23.943888+01:00 11LSZbook kernel: Command line: initrd=\initrd.img WSL_ROOT_INIT=1 panic=-1 nr_cpus=20 hv_utils.timesync_implicit=1 console=hvc0 debug pty.legacy_count=0 WSL_ENABLE_CRASH_DUMP=1
2026-09-16T07:40:23.943889+01:00 11LSZbook kernel: KERNEL supported cpus:
2026-09-16T07:40:23.943890+01:00 11LSZbook kernel:   Intel GenuineIntel
2026-09-16T07:40:23.943890+01:00 11LSZbook kernel:   AMD AuthenticAMD
2026-09-16T07:40:23.943890+01:00 11LSZbook kernel: BIOS-provided physical RAM map:
2026-09-16T07:40:23.943891+01:00 11LSZbook kernel: BIOS-e820: [mem 0x0000000000000000-0x000000000009ffff] usable
2026-09-16T07:40:23.943893+01:00 11LSZbook kernel: BIOS-e820: [mem 0x00000000000e0000-0x00000000000e0fff] reserved
2026-09-16T07:40:23.943893+01:00 11LSZbook kernel: BIOS-e820: [mem 0x0000000000100000-0x00000000001fffff] ACPI data
2026-09-16T07:40:23.943894+01:00 11LSZbook kernel: BIOS-e820: [mem 0x0000000000200000-0x00000000f7ffffff] usable
2026-09-16T07:40:23.943894+01:00 11LSZbook kernel: BIOS-e820: [mem 0x0000000100000000-0x00000003fc7fffff] usable
2026-09-16T07:40:23.943894+01:00 11LSZbook kernel: NX (Execute Disable) protection: active
2026-09-16T07:40:23.943895+01:00 11LSZbook kernel: APIC: Static calls initialized
2026-09-16T07:40:23.943895+01:00 11LSZbook kernel: DMI not present or invalid.
2026-09-16T07:40:23.943897+01:00 11LSZbook kernel: Hypervisor detected: Microsoft Hyper-V
2026-09-16T07:40:23.943897+01:00 11LSZbook kernel: Hyper-V: privilege flags low 0xae7f, high 0x3b8030, ext 0x42, hints 0x9a4e24, misc 0xe0bed7b2
2026-09-16T07:40:23.943898+01:00 11LSZbook kernel: Hyper-V: Nested features: 0x3e0101
2026-09-16T07:40:23.943898+01:00 11LSZbook kernel: Hyper-V: LAPIC Timer Frequency: 0xc3500
2026-09-16T07:40:23.943899+01:00 11LSZbook kernel: Hyper-V: Using hypercall for remote TLB flush
2026-09-16T07:40:23.943899+01:00 11LSZbook kernel: clocksource: hyperv_clocksource_tsc_page: mask: 0xffffffffffffffff max_cycles: 0x24e6a1710, max_idle_ns: 440795202120 ns
2026-09-16T07:40:23.943944+01:00 11LSZbook kernel: clocksource: hyperv_clocksource_msr: mask: 0xffffffffffffffff max_cycles: 0x24e6a1710, max_idle_ns: 440795202120 ns
2026-09-16T07:40:23.943946+01:00 11LSZbook kernel: tsc: Detected 2918.411 MHz processor
2026-09-16T07:40:23.943947+01:00 11LSZbook kernel: e820: update [mem 0x00000000-0x00000fff] usable ==> reserved
2026-09-16T07:40:23.943947+01:00 11LSZbook kernel: e820: remove [mem 0x000a0000-0x000fffff] usable
2026-09-16T07:40:23.943947+01:00 11LSZbook kernel: last_pfn = 0x3fc800 max_arch_pfn = 0x400000000
2026-09-16T07:40:23.943948+01:00 11LSZbook kernel: MTRR map: 5 entries (4 fixed + 1 variable; max 20), built from 8 variable MTRRs
2026-09-16T07:40:23.943950+01:00 11LSZbook kernel: x86/PAT: Configuration [0-7]: WB  WC  UC- UC  WB  WP  UC- WT  
2026-09-16T07:40:23.943950+01:00 11LSZbook kernel: last_pfn = 0xf8000 max_arch_pfn = 0x400000000
2026-09-16T07:40:23.943950+01:00 11LSZbook kernel: Using GB pages for direct mapping
2026-09-16T07:40:23.943951+01:00 11LSZbook kernel: RAMDISK: [mem 0x04beb000-0x04e9ffff]
2026-09-16T07:40:23.943951+01:00 11LSZbook kernel: ACPI: Early table checksum verification disabled
2026-09-16T07:40:23.943951+01:00 11LSZbook kernel: ACPI: RSDP 0x00000000000E0000 000024 (v02 VRTUAL)
2026-09-16T07:40:23.943953+01:00 11LSZbook kernel: ACPI: XSDT 0x0000000000100000 000044 (v01 VRTUAL MICROSFT 00000001 MSFT 00000001)
2026-09-16T07:40:23.943953+01:00 11LSZbook kernel: ACPI: FACP 0x0000000000101000 000114 (v06 VRTUAL MICROSFT 00000001 MSFT 00000001)
2026-09-16T07:40:23.943954+01:00 11LSZbook kernel: ACPI: DSDT 0x00000000001011B8 01E11C (v02 MSFTVM DSDT01   00000001 INTL 20230628)
2026-09-16T07:40:23.943954+01:00 11LSZbook kernel: ACPI: FACS 0x0000000000101114 000040
2026-09-16T07:40:23.943955+01:00 11LSZbook kernel: ACPI: OEM0 0x0000000000101154 000064 (v01 VRTUAL MICROSFT 00000001 MSFT 00000001)
2026-09-16T07:40:23.943955+01:00 11LSZbook kernel: ACPI: SRAT 0x000000000011F2D4 0003F0 (v02 VRTUAL MICROSFT 00000001 MSFT 00000001)
2026-09-16T07:40:23.943955+01:00 11LSZbook kernel: ACPI: APIC 0x000000000011F6C4 0000E8 (v04 VRTUAL MICROSFT 00000001 MSFT 00000001)
2026-09-16T07:40:23.943957+01:00 11LSZbook kernel: ACPI: Reserving FACP table memory at [mem 0x101000-0x101113]
2026-09-16T07:40:23.943957+01:00 11LSZbook kernel: ACPI: Reserving DSDT table memory at [mem 0x1011b8-0x11f2d3]
2026-09-16T07:40:23.943957+01:00 11LSZbook kernel: ACPI: Reserving FACS table memory at [mem 0x101114-0x101153]
2026-09-16T07:40:23.943958+01:00 11LSZbook kernel: ACPI: Reserving OEM0 table memory at [mem 0x101154-0x1011b7]
2026-09-16T07:40:23.943958+01:00 11LSZbook kernel: ACPI: Reserving SRAT table memory at [mem 0x11f2d4-0x11f6c3]
2026-09-16T07:40:23.943959+01:00 11LSZbook kernel: ACPI: Reserving APIC table memory at [mem 0x11f6c4-0x11f7ab]
2026-09-16T07:40:23.943960+01:00 11LSZbook kernel: ACPI: SRAT: Node 0 PXM 0 [mem 0x00000000-0xf7ffffff] hotplug
2026-09-16T07:40:23.943960+01:00 11LSZbook kernel: ACPI: SRAT: Node 0 PXM 0 [mem 0x100000000-0x3fc7fffff] hotplug
2026-09-16T07:40:23.943961+01:00 11LSZbook kernel: ACPI: SRAT: Node 0 PXM 0 [mem 0x3fc800000-0x9ffdfffff] hotplug
2026-09-16T07:40:23.943961+01:00 11LSZbook kernel: ACPI: SRAT: Node 0 PXM 0 [mem 0x1000000000-0xffffffffff] hotplug
2026-09-16T07:40:23.943962+01:00 11LSZbook kernel: ACPI: SRAT: Node 0 PXM 0 [mem 0x10000000000-0x1ffffffffff] hotplug
2026-09-16T07:40:23.943962+01:00 11LSZbook kernel: ACPI: SRAT: Node 0 PXM 0 [mem 0x20000000000-0x3ffffffffff] hotplug
2026-09-16T07:40:23.943962+01:00 11LSZbook kernel: ACPI: SRAT: Node 0 PXM 0 [mem 0x40000000000-0x7ffffffffff] hotplug
2026-09-16T07:40:23.943964+01:00 11LSZbook kernel: ACPI: SRAT: Node 0 PXM 0 [mem 0x80000000000-0xfffffffffff] hotplug
2026-09-16T07:40:23.943964+01:00 11LSZbook kernel: ACPI: SRAT: Node 0 PXM 0 [mem 0x100000000000-0x1fffffffffff] hotplug
2026-09-16T07:40:23.943964+01:00 11LSZbook kernel: ACPI: SRAT: Node 0 PXM 0 [mem 0x200000000000-0x3fffffffffff] hotplug
2026-09-16T07:40:23.943965+01:00 11LSZbook kernel: ACPI: SRAT: Node 0 PXM 0 [mem 0x400000000000-0x7fffffffffff] hotplug
2026-09-16T07:40:23.943965+01:00 11LSZbook kernel: ACPI: SRAT: Node 0 PXM 0 [mem 0x800000000000-0xffffffffffff] hotplug
2026-09-16T07:40:23.943965+01:00 11LSZbook kernel: ACPI: SRAT: Node 0 PXM 0 [mem 0x1000000000000-0x1ffffffffffff] hotplug
2026-09-16T07:40:23.943967+01:00 11LSZbook kernel: ACPI: SRAT: Node 0 PXM 0 [mem 0x2000000000000-0x3ffffffffffff] hotplug
2026-09-16T07:40:23.943968+01:00 11LSZbook kernel: ACPI: SRAT: Node 0 PXM 0 [mem 0x4000000000000-0x7ffffffffffff] hotplug
2026-09-16T07:40:23.943968+01:00 11LSZbook kernel: ACPI: SRAT: Node 0 PXM 0 [mem 0x8000000000000-0xfffffffffffff] hotplug
2026-09-16T07:40:23.943968+01:00 11LSZbook kernel: NUMA: Node 0 [mem 0x00001000-0xf7ffffff] + [mem 0x100000000-0x3fc7fffff] -> [mem 0x00001000-0x3fc7fffff]
2026-09-16T07:40:23.943969+01:00 11LSZbook kernel: NODE_DATA(0) allocated [mem 0x3fc7de300-0x3fc7fffff]
2026-09-16T07:40:23.943969+01:00 11LSZbook kernel: Zone ranges:
2026-09-16T07:40:23.943971+01:00 11LSZbook kernel:   DMA32    [mem 0x0000000000001000-0x00000000ffffffff]
2026-09-16T07:40:23.943971+01:00 11LSZbook kernel:   Normal   [mem 0x0000000100000000-0x00000003fc7fffff]
2026-09-16T07:40:23.943972+01:00 11LSZbook kernel:   Device   empty
2026-09-16T07:40:23.943972+01:00 11LSZbook kernel: Movable zone start for each node
2026-09-16T07:40:23.943973+01:00 11LSZbook kernel: Early memory node ranges
2026-09-16T07:40:23.943973+01:00 11LSZbook kernel:   node   0: [mem 0x0000000000001000-0x000000000009ffff]
2026-09-16T07:40:23.943973+01:00 11LSZbook kernel:   node   0: [mem 0x0000000000200000-0x00000000f7ffffff]
2026-09-16T07:40:23.943975+01:00 11LSZbook kernel:   node   0: [mem 0x0000000100000000-0x00000003fc7fffff]
2026-09-16T07:40:23.943975+01:00 11LSZbook kernel: Initmem setup node 0 [mem 0x0000000000001000-0x00000003fc7fffff]
2026-09-16T07:40:23.943976+01:00 11LSZbook kernel: On node 0, zone DMA32: 1 pages in unavailable ranges
2026-09-16T07:40:23.943976+01:00 11LSZbook kernel: On node 0, zone DMA32: 352 pages in unavailable ranges
2026-09-16T07:40:23.943976+01:00 11LSZbook kernel: On node 0, zone Normal: 14336 pages in unavailable ranges
2026-09-16T07:40:23.943977+01:00 11LSZbook kernel: ACPI: PM-Timer IO Port: 0x408
2026-09-16T07:40:23.943978+01:00 11LSZbook kernel: ACPI: LAPIC_NMI (acpi_id[0x01] dfl dfl lint[0x1])
2026-09-16T07:40:23.943979+01:00 11LSZbook kernel: IOAPIC[0]: apic_id 20, version 17, address 0xfec00000, GSI 0-23
2026-09-16T07:40:23.943979+01:00 11LSZbook kernel: ACPI: INT_SRC_OVR (bus 0 bus_irq 9 global_irq 9 high level)
2026-09-16T07:40:23.943980+01:00 11LSZbook kernel: ACPI: Using ACPI (MADT) for SMP configuration information
2026-09-16T07:40:23.943980+01:00 11LSZbook kernel: TSC deadline timer available
2026-09-16T07:40:23.943980+01:00 11LSZbook kernel: CPU topo: Max. logical packages:   1
2026-09-16T07:40:23.943982+01:00 11LSZbook kernel: CPU topo: Max. logical dies:       1
2026-09-16T07:40:23.943982+01:00 11LSZbook kernel: CPU topo: Max. dies per package:   1
2026-09-16T07:40:23.943983+01:00 11LSZbook kernel: CPU topo: Max. threads per core:   2
2026-09-16T07:40:23.943983+01:00 11LSZbook kernel: CPU topo: Num. cores per package:    10
2026-09-16T07:40:23.943983+01:00 11LSZbook kernel: CPU topo: Num. threads per package:  20
2026-09-16T07:40:23.943984+01:00 11LSZbook kernel: CPU topo: Allowing 20 present CPUs plus 0 hotplug CPUs
2026-09-16T07:40:23.943984+01:00 11LSZbook kernel: random: crng init done
2026-09-16T07:40:23.943986+01:00 11LSZbook kernel: PM: hibernation: Registered nosave memory: [mem 0x00000000-0x00000fff]
2026-09-16T07:40:23.943986+01:00 11LSZbook kernel: PM: hibernation: Registered nosave memory: [mem 0x000a0000-0x001fffff]
2026-09-16T07:40:23.943987+01:00 11LSZbook kernel: PM: hibernation: Registered nosave memory: [mem 0xf8000000-0xffffffff]
2026-09-16T07:40:23.943987+01:00 11LSZbook kernel: [mem 0xf8000000-0xffffffff] available for PCI devices
2026-09-16T07:40:23.943987+01:00 11LSZbook kernel: Booting paravirtualized kernel on Hyper-V
2026-09-16T07:40:23.943988+01:00 11LSZbook kernel: clocksource: refined-jiffies: mask: 0xffffffff max_cycles: 0xffffffff, max_idle_ns: 7645519600211568 ns
2026-09-16T07:40:23.943990+01:00 11LSZbook kernel: setup_percpu: NR_CPUS:8192 nr_cpumask_bits:20 nr_cpu_ids:20 nr_node_ids:1
2026-09-16T07:40:23.943991+01:00 11LSZbook kernel: percpu: Embedded 61 pages/cpu s212992 r8192 d28672 u262144
2026-09-16T07:40:23.943991+01:00 11LSZbook kernel: pcpu-alloc: s212992 r8192 d28672 u262144 alloc=1*2097152
2026-09-16T07:40:23.943991+01:00 11LSZbook kernel: pcpu-alloc: [0] 00 01 02 03 04 05 06 07 [0] 08 09 10 11 12 13 14 15 
2026-09-16T07:40:23.943992+01:00 11LSZbook kernel: pcpu-alloc: [0] 16 17 18 19 -- -- -- -- 
2026-09-16T07:40:23.943992+01:00 11LSZbook kernel: Hyper-V: PV spinlocks enabled
2026-09-16T07:40:23.943994+01:00 11LSZbook kernel: PV qspinlock hash table entries: 256 (order: 0, 4096 bytes, linear)
2026-09-16T07:40:23.943995+01:00 11LSZbook kernel: Kernel command line: initrd=\initrd.img WSL_ROOT_INIT=1 panic=-1 nr_cpus=20 hv_utils.timesync_implicit=1 console=hvc0 debug pty.legacy_count=0 WSL_ENABLE_CRASH_DUMP=1
2026-09-16T07:40:23.944030+01:00 11LSZbook kernel: Unknown kernel command line parameters "WSL_ROOT_INIT=1 WSL_ENABLE_CRASH_DUMP=1", will be passed to user space.
2026-09-16T07:40:23.944031+01:00 11LSZbook kernel: printk: log buffer data + meta data: 262144 + 917504 = 1179648 bytes
2026-09-16T07:40:23.944031+01:00 11LSZbook kernel: Dentry cache hash table entries: 2097152 (order: 12, 16777216 bytes, linear)
2026-09-16T07:40:23.944031+01:00 11LSZbook kernel: Inode-cache hash table entries: 1048576 (order: 11, 8388608 bytes, linear)
2026-09-16T07:40:23.944034+01:00 11LSZbook kernel: software IO TLB: area num 32.
2026-09-16T07:40:23.944034+01:00 11LSZbook kernel: Fallback order for Node 0: 0 
2026-09-16T07:40:23.944035+01:00 11LSZbook kernel: Built 1 zonelists, mobility grouping on.  Total pages: 4146847
2026-09-16T07:40:23.944035+01:00 11LSZbook kernel: Policy zone: Normal
2026-09-16T07:40:23.944036+01:00 11LSZbook kernel: mem auto-init: stack:off, heap alloc:on, heap free:off
2026-09-16T07:40:23.944036+01:00 11LSZbook kernel: SLUB: HWalign=64, Order=0-3, MinObjects=0, CPUs=20, Nodes=1
2026-09-16T07:40:23.944036+01:00 11LSZbook kernel: ftrace: allocating 59125 entries in 232 pages
2026-09-16T07:40:23.944038+01:00 11LSZbook kernel: ftrace: allocated 232 pages with 4 groups
2026-09-16T07:40:23.944039+01:00 11LSZbook kernel: Dynamic Preempt: none
2026-09-16T07:40:23.944039+01:00 11LSZbook kernel: rcu: Preemptible hierarchical RCU implementation.
2026-09-16T07:40:23.944078+01:00 11LSZbook kernel: rcu: 	RCU restricting CPUs from NR_CPUS=8192 to nr_cpu_ids=20.
2026-09-16T07:40:23.944079+01:00 11LSZbook kernel: 	Trampoline variant of Tasks RCU enabled.
2026-09-16T07:40:23.944080+01:00 11LSZbook kernel: 	Rude variant of Tasks RCU enabled.
2026-09-16T07:40:23.948449+01:00 11LSZbook kernel: 	Tracing variant of Tasks RCU enabled.
2026-09-16T07:40:23.948518+01:00 11LSZbook kernel: rcu: RCU calculated value of scheduler-enlistment delay is 25 jiffies.
2026-09-16T07:40:23.948520+01:00 11LSZbook kernel: rcu: Adjusting geometry for rcu_fanout_leaf=16, nr_cpu_ids=20
2026-09-16T07:40:23.948521+01:00 11LSZbook kernel: RCU Tasks: Setting shift to 5 and lim to 1 rcu_task_cb_adjust=1 rcu_task_cpu_ids=20.
2026-09-16T07:40:23.948522+01:00 11LSZbook kernel: RCU Tasks Rude: Setting shift to 5 and lim to 1 rcu_task_cb_adjust=1 rcu_task_cpu_ids=20.
2026-09-16T07:40:23.948522+01:00 11LSZbook kernel: RCU Tasks Trace: Setting shift to 5 and lim to 1 rcu_task_cb_adjust=1 rcu_task_cpu_ids=20.
2026-09-16T07:40:23.948523+01:00 11LSZbook kernel: Using NULL legacy PIC
2026-09-16T07:40:23.948523+01:00 11LSZbook kernel: NR_IRQS: 524544, nr_irqs: 584, preallocated irqs: 0
2026-09-16T07:40:23.948524+01:00 11LSZbook kernel: rcu: srcu_init: Setting srcu_struct sizes based on contention.
2026-09-16T07:40:23.948524+01:00 11LSZbook kernel: Console: colour dummy device 80x25
2026-09-16T07:40:23.948525+01:00 11LSZbook kernel: ACPI: Core revision 20250807
2026-09-16T07:40:23.948526+01:00 11LSZbook kernel: Failed to register legacy timer interrupt
2026-09-16T07:40:23.948526+01:00 11LSZbook kernel: APIC: Switch to symmetric I/O mode setup
2026-09-16T07:40:23.948527+01:00 11LSZbook kernel: x2apic enabled
2026-09-16T07:40:23.948527+01:00 11LSZbook kernel: APIC: Switched APIC routing to: physical x2apic
2026-09-16T07:40:23.948528+01:00 11LSZbook kernel: Hyper-V: Host Build 10.0.26100.8246-8-0
2026-09-16T07:40:23.948529+01:00 11LSZbook kernel: Hyper-V: enabling crash_kexec_post_notifiers
2026-09-16T07:40:23.948529+01:00 11LSZbook kernel: Hyper-V: Using IPI hypercalls
2026-09-16T07:40:23.948530+01:00 11LSZbook kernel: APIC: send_IPI() replaced with hv_send_ipi()
2026-09-16T07:40:23.948531+01:00 11LSZbook kernel: APIC: send_IPI_mask() replaced with hv_send_ipi_mask()
2026-09-16T07:40:23.948531+01:00 11LSZbook kernel: APIC: send_IPI_mask_allbutself() replaced with hv_send_ipi_mask_allbutself()
2026-09-16T07:40:23.948532+01:00 11LSZbook kernel: APIC: send_IPI_allbutself() replaced with hv_send_ipi_allbutself()
2026-09-16T07:40:23.948532+01:00 11LSZbook kernel: APIC: send_IPI_all() replaced with hv_send_ipi_all()
2026-09-16T07:40:23.948533+01:00 11LSZbook kernel: APIC: send_IPI_self() replaced with hv_send_ipi_self()
2026-09-16T07:40:23.948533+01:00 11LSZbook kernel: clocksource: tsc-early: mask: 0xffffffffffffffff max_cycles: 0x2a11336a830, max_idle_ns: 440795279742 ns
2026-09-16T07:40:23.948534+01:00 11LSZbook kernel: Calibrating delay loop (skipped), value calculated using timer frequency.. 5836.82 BogoMIPS (lpj=11673644)
2026-09-16T07:40:23.948534+01:00 11LSZbook kernel: x86/cpu: User Mode Instruction Prevention (UMIP) activated
2026-09-16T07:40:23.948535+01:00 11LSZbook kernel: CET detected: Indirect Branch Tracking enabled
2026-09-16T07:40:23.948535+01:00 11LSZbook kernel: Last level iTLB entries: 4KB 0, 2MB 0, 4MB 0
2026-09-16T07:40:23.948536+01:00 11LSZbook kernel: Last level dTLB entries: 4KB 0, 2MB 0, 4MB 0, 1GB 0
2026-09-16T07:40:23.948536+01:00 11LSZbook kernel: mitigations: Enabled attack vectors: user_kernel, user_user, guest_host, guest_guest, SMT mitigations: auto
2026-09-16T07:40:23.948537+01:00 11LSZbook kernel: Speculative Store Bypass: Mitigation: Speculative Store Bypass disabled via prctl
2026-09-16T07:40:23.948537+01:00 11LSZbook kernel: Spectre V2 : Mitigation: Enhanced / Automatic IBRS
2026-09-16T07:40:23.948537+01:00 11LSZbook kernel: RETBleed: Mitigation: Enhanced IBRS
2026-09-16T07:40:23.948538+01:00 11LSZbook kernel: Register File Data Sampling: Mitigation: Clear Register File
2026-09-16T07:40:23.948538+01:00 11LSZbook kernel: Spectre V1 : Mitigation: usercopy/swapgs barriers and __user pointer sanitization
2026-09-16T07:40:23.948539+01:00 11LSZbook kernel: Spectre V2 : Spectre v2 / PBRSB-eIBRS: Retire a single CALL on VMEXIT
2026-09-16T07:40:23.948539+01:00 11LSZbook kernel: Spectre V2 : mitigation: Enabling conditional Indirect Branch Prediction Barrier
2026-09-16T07:40:23.948539+01:00 11LSZbook kernel: x86/fpu: Supporting XSAVE feature 0x001: 'x87 floating point registers'
2026-09-16T07:40:23.948540+01:00 11LSZbook kernel: x86/fpu: Supporting XSAVE feature 0x002: 'SSE registers'
2026-09-16T07:40:23.948540+01:00 11LSZbook kernel: x86/fpu: Supporting XSAVE feature 0x004: 'AVX registers'
2026-09-16T07:40:23.948541+01:00 11LSZbook kernel: x86/fpu: Supporting XSAVE feature 0x800: 'Control-flow User registers'
2026-09-16T07:40:23.948541+01:00 11LSZbook kernel: x86/fpu: Supporting XSAVE feature 0x1000: 'Control-flow Kernel registers (KVM only)'
2026-09-16T07:40:23.948541+01:00 11LSZbook kernel: x86/fpu: xstate_offset[2]:  576, xstate_sizes[2]:  256
2026-09-16T07:40:23.948542+01:00 11LSZbook kernel: x86/fpu: xstate_offset[11]:  832, xstate_sizes[11]:   16
2026-09-16T07:40:23.948542+01:00 11LSZbook kernel: x86/fpu: xstate_offset[12]:  848, xstate_sizes[12]:   24
2026-09-16T07:40:23.948543+01:00 11LSZbook kernel: x86/fpu: Enabled xstate features 0x1807, context size is 872 bytes, using 'compacted' format.
2026-09-16T07:40:23.948543+01:00 11LSZbook kernel: Freeing SMP alternatives memory: 52K
2026-09-16T07:40:23.948544+01:00 11LSZbook kernel: pid_max: default: 32768 minimum: 301
2026-09-16T07:40:23.948544+01:00 11LSZbook kernel: LSM: initializing lsm=capability,landlock,yama,safesetid,selinux,ima
2026-09-16T07:40:23.948544+01:00 11LSZbook kernel: landlock: Up and running.
2026-09-16T07:40:23.948545+01:00 11LSZbook kernel: Yama: becoming mindful.
2026-09-16T07:40:23.948545+01:00 11LSZbook kernel: SELinux:  Initializing.
2026-09-16T07:40:23.948546+01:00 11LSZbook kernel: Mount-cache hash table entries: 32768 (order: 6, 262144 bytes, linear)
2026-09-16T07:40:23.948546+01:00 11LSZbook kernel: Mountpoint-cache hash table entries: 32768 (order: 6, 262144 bytes, linear)
2026-09-16T07:40:23.948547+01:00 11LSZbook kernel: smpboot: CPU0: 12th Gen Intel(R) Core(TM) i9-12900H (family: 0x6, model: 0x9a, stepping: 0x3)
2026-09-16T07:40:23.948547+01:00 11LSZbook kernel: Performance Events: unsupported CPU family 6 model 154 no PMU driver, software events only.
2026-09-16T07:40:23.948548+01:00 11LSZbook kernel: signal: max sigframe size: 1776
2026-09-16T07:40:23.948548+01:00 11LSZbook kernel: rcu: Hierarchical SRCU implementation.
2026-09-16T07:40:23.948549+01:00 11LSZbook kernel: rcu: 	Max phase no-delay instances is 1000.
2026-09-16T07:40:23.948549+01:00 11LSZbook kernel: Timer migration: 2 hierarchy levels; 8 children per group; 2 crossnode level
2026-09-16T07:40:23.948550+01:00 11LSZbook kernel: NMI watchdog: Perf NMI watchdog permanently disabled
2026-09-16T07:40:23.948550+01:00 11LSZbook kernel: smp: Bringing up secondary CPUs ...
2026-09-16T07:40:23.948550+01:00 11LSZbook kernel: smpboot: x86: Booting SMP configuration:
2026-09-16T07:40:23.948551+01:00 11LSZbook kernel: .... node  #0, CPUs:        #2  #4  #6  #8 #10 #12 #14 #16 #18  #1  #3  #5  #7  #9 #11 #13 #15 #17 #19
2026-09-16T07:40:23.948551+01:00 11LSZbook kernel: smp: Brought up 1 node, 20 CPUs
2026-09-16T07:40:23.948552+01:00 11LSZbook kernel: smpboot: Total of 20 processors activated (116736.44 BogoMIPS)
2026-09-16T07:40:23.948552+01:00 11LSZbook kernel: node 0 deferred pages initialised in 52ms
2026-09-16T07:40:23.948553+01:00 11LSZbook kernel: Memory: 16164112K/16587388K available (20176K kernel code, 3632K rwdata, 14820K rodata, 4852K init, 5648K bss, 410840K reserved, 0K cma-reserved)
2026-09-16T07:40:23.948553+01:00 11LSZbook kernel: devtmpfs: initialized
2026-09-16T07:40:23.948554+01:00 11LSZbook kernel: x86/mm: Memory block size: 128MB
2026-09-16T07:40:23.948554+01:00 11LSZbook kernel: clocksource: jiffies: mask: 0xffffffff max_cycles: 0xffffffff, max_idle_ns: 7645041785100000 ns
2026-09-16T07:40:23.948555+01:00 11LSZbook kernel: posixtimers hash table entries: 16384 (order: 6, 262144 bytes, linear)
2026-09-16T07:40:23.948555+01:00 11LSZbook kernel: futex hash table entries: 8192 (524288 bytes on 1 NUMA nodes, total 512 KiB, linear).
2026-09-16T07:40:23.948556+01:00 11LSZbook kernel: pinctrl core: initialized pinctrl subsystem
2026-09-16T07:40:23.948556+01:00 11LSZbook kernel: NET: Registered PF_NETLINK/PF_ROUTE protocol family
2026-09-16T07:40:23.948557+01:00 11LSZbook kernel: DMA: preallocated 2048 KiB GFP_KERNEL pool for atomic allocations
2026-09-16T07:40:23.948557+01:00 11LSZbook kernel: DMA: preallocated 2048 KiB GFP_KERNEL|GFP_DMA32 pool for atomic allocations
2026-09-16T07:40:23.948557+01:00 11LSZbook kernel: audit: initializing netlink subsys (disabled)
2026-09-16T07:40:23.948558+01:00 11LSZbook kernel: audit: type=2000 audit(1789540725.076:1): state=initialized audit_enabled=0 res=1
2026-09-16T07:40:23.948563+01:00 11LSZbook kernel: thermal_sys: Registered thermal governor 'step_wise'
2026-09-16T07:40:23.948563+01:00 11LSZbook kernel: thermal_sys: Registered thermal governor 'user_space'
2026-09-16T07:40:23.948564+01:00 11LSZbook kernel: cpuidle: using governor ladder
2026-09-16T07:40:23.948564+01:00 11LSZbook kernel: cpuidle: using governor menu
2026-09-16T07:40:23.948565+01:00 11LSZbook kernel: acpiphp: ACPI Hot Plug PCI Controller Driver version: 0.5
2026-09-16T07:40:23.948565+01:00 11LSZbook kernel: dca service started, version 1.12.1
2026-09-16T07:40:23.948565+01:00 11LSZbook kernel: PCI: Fatal: No config space access function found
2026-09-16T07:40:23.948568+01:00 11LSZbook kernel: kprobes: kprobe jump-optimization is enabled. All kprobes are optimized if possible.
2026-09-16T07:40:23.948568+01:00 11LSZbook kernel: HugeTLB: registered 1.00 GiB page size, pre-allocated 0 pages
2026-09-16T07:40:23.948612+01:00 11LSZbook kernel: HugeTLB: 16380 KiB vmemmap can be freed for a 1.00 GiB page
2026-09-16T07:40:23.948613+01:00 11LSZbook kernel: HugeTLB: registered 2.00 MiB page size, pre-allocated 0 pages
2026-09-16T07:40:23.948613+01:00 11LSZbook kernel: HugeTLB: 28 KiB vmemmap can be freed for a 2.00 MiB page
2026-09-16T07:40:23.948614+01:00 11LSZbook kernel: ACPI: Added _OSI(Module Device)
2026-09-16T07:40:23.948615+01:00 11LSZbook kernel: ACPI: Added _OSI(Processor Device)
2026-09-16T07:40:23.948615+01:00 11LSZbook kernel: ACPI: Added _OSI(Processor Aggregator Device)
2026-09-16T07:40:23.948616+01:00 11LSZbook kernel: ACPI: 1 ACPI AML tables successfully acquired and loaded
2026-09-16T07:40:23.948616+01:00 11LSZbook kernel: ACPI: Interpreter enabled
2026-09-16T07:40:23.948617+01:00 11LSZbook kernel: ACPI: PM: (supports S0 S5)
2026-09-16T07:40:23.948617+01:00 11LSZbook kernel: ACPI: Using IOAPIC for interrupt routing
2026-09-16T07:40:23.948618+01:00 11LSZbook kernel: PCI: Using host bridge windows from ACPI; if necessary, use "pci=nocrs" and report a bug
2026-09-16T07:40:23.948620+01:00 11LSZbook kernel: PCI: Using E820 reservations for host bridge windows
2026-09-16T07:40:23.948622+01:00 11LSZbook kernel: ACPI: Enabled 2 GPEs in block 00 to 0F
2026-09-16T07:40:23.948623+01:00 11LSZbook kernel: iommu: Default domain type: Translated
2026-09-16T07:40:23.948623+01:00 11LSZbook kernel: iommu: DMA domain TLB invalidation policy: lazy mode
2026-09-16T07:40:23.948624+01:00 11LSZbook kernel: SCSI subsystem initialized
2026-09-16T07:40:23.948624+01:00 11LSZbook kernel: libata version 3.00 loaded.
2026-09-16T07:40:23.948625+01:00 11LSZbook kernel: pps_core: LinuxPPS API ver. 1 registered
2026-09-16T07:40:23.948625+01:00 11LSZbook kernel: pps_core: Software ver. 5.3.6 - Copyright 2005-2007 Rodolfo Giometti <giometti@linux.it>
2026-09-16T07:40:23.948626+01:00 11LSZbook kernel: PTP clock support registered
2026-09-16T07:40:23.948627+01:00 11LSZbook kernel: EDAC MC: Ver: 3.0.0
2026-09-16T07:40:23.948627+01:00 11LSZbook kernel: hv_vmbus: Vmbus version:5.3
2026-09-16T07:40:23.948628+01:00 11LSZbook kernel: NetLabel: Initializing
2026-09-16T07:40:23.948628+01:00 11LSZbook kernel: NetLabel:  domain hash size = 128
2026-09-16T07:40:23.948629+01:00 11LSZbook kernel: NetLabel:  protocols = UNLABELED CIPSOv4 CALIPSO
2026-09-16T07:40:23.948629+01:00 11LSZbook kernel: NetLabel:  unlabeled traffic allowed by default
2026-09-16T07:40:23.948630+01:00 11LSZbook kernel: PCI: Using ACPI for IRQ routing
2026-09-16T07:40:23.948630+01:00 11LSZbook kernel: PCI: System does not support PCI
2026-09-16T07:40:23.948631+01:00 11LSZbook kernel: vgaarb: loaded
2026-09-16T07:40:23.948631+01:00 11LSZbook kernel: clocksource: Switched to clocksource tsc-early
2026-09-16T07:40:23.948632+01:00 11LSZbook kernel: VFS: Disk quotas dquot_6.6.0
2026-09-16T07:40:23.948632+01:00 11LSZbook kernel: VFS: Dquot-cache hash table entries: 512 (order 0, 4096 bytes)
2026-09-16T07:40:23.948633+01:00 11LSZbook kernel: netfs: FS-Cache loaded
2026-09-16T07:40:23.948633+01:00 11LSZbook kernel: pnp: PnP ACPI init
2026-09-16T07:40:23.948633+01:00 11LSZbook kernel: pnp: PnP ACPI: found 1 devices
2026-09-16T07:40:23.948634+01:00 11LSZbook kernel: clocksource: acpi_pm: mask: 0xffffff max_cycles: 0xffffff, max_idle_ns: 2085701024 ns
2026-09-16T07:40:23.948634+01:00 11LSZbook kernel: NET: Registered PF_INET protocol family
2026-09-16T07:40:23.948635+01:00 11LSZbook kernel: IP idents hash table entries: 262144 (order: 9, 2097152 bytes, linear)
2026-09-16T07:40:23.948635+01:00 11LSZbook kernel: tcp_listen_portaddr_hash hash table entries: 8192 (order: 5, 131072 bytes, linear)
2026-09-16T07:40:23.948636+01:00 11LSZbook kernel: Table-perturb hash table entries: 65536 (order: 6, 262144 bytes, linear)
2026-09-16T07:40:23.948636+01:00 11LSZbook kernel: TCP established hash table entries: 131072 (order: 8, 1048576 bytes, linear)
2026-09-16T07:40:23.948637+01:00 11LSZbook kernel: TCP bind hash table entries: 65536 (order: 9, 2097152 bytes, linear)
2026-09-16T07:40:23.948637+01:00 11LSZbook kernel: TCP: Hash tables configured (established 131072 bind 65536)
2026-09-16T07:40:23.948637+01:00 11LSZbook kernel: UDP hash table entries: 8192 (order: 7, 524288 bytes, linear)
2026-09-16T07:40:23.948638+01:00 11LSZbook kernel: UDP-Lite hash table entries: 8192 (order: 7, 524288 bytes, linear)
2026-09-16T07:40:23.948638+01:00 11LSZbook kernel: NET: Registered PF_UNIX/PF_LOCAL protocol family
2026-09-16T07:40:23.948639+01:00 11LSZbook kernel: NET: Registered PF_XDP protocol family
2026-09-16T07:40:23.948639+01:00 11LSZbook kernel: PCI: CLS 0 bytes, default 64
2026-09-16T07:40:23.948640+01:00 11LSZbook kernel: PCI-DMA: Using software bounce buffering for IO (SWIOTLB)
2026-09-16T07:40:23.948640+01:00 11LSZbook kernel: software IO TLB: mapped [mem 0x00000000f4000000-0x00000000f8000000] (64MB)
2026-09-16T07:40:23.948642+01:00 11LSZbook kernel: RAPL PMU: API unit is 2^-32 Joules, 0 fixed counters, 10737418240 ms ovfl timer
2026-09-16T07:40:23.948643+01:00 11LSZbook kernel: clocksource: tsc: mask: 0xffffffffffffffff max_cycles: 0x2a11336a830, max_idle_ns: 440795279742 ns
2026-09-16T07:40:23.948643+01:00 11LSZbook kernel: Trying to unpack rootfs image as initramfs...
2026-09-16T07:40:23.948644+01:00 11LSZbook kernel: clocksource: Switched to clocksource tsc
2026-09-16T07:40:23.948644+01:00 11LSZbook kernel: Freeing initrd memory: 2772K
2026-09-16T07:40:23.948644+01:00 11LSZbook kernel: Initialise system trusted keyrings
2026-09-16T07:40:23.948645+01:00 11LSZbook kernel: Key type blacklist registered
2026-09-16T07:40:23.948696+01:00 11LSZbook kernel: workingset: timestamp_bits=36 max_order=22 bucket_order=0
2026-09-16T07:40:23.948699+01:00 11LSZbook kernel: squashfs: version 4.0 (2009/01/31) Phillip Lougher
2026-09-16T07:40:23.948700+01:00 11LSZbook kernel: fuse: init (API version 7.45)
2026-09-16T07:40:23.948701+01:00 11LSZbook kernel: SGI XFS with ACLs, security attributes, realtime, verbose warnings, quota, no debug enabled
2026-09-16T07:40:23.948701+01:00 11LSZbook kernel: 9p: Installing v9fs 9p2000 file system support
2026-09-16T07:40:23.948702+01:00 11LSZbook kernel: cryptd: max_cpu_qlen set to 1000
2026-09-16T07:40:23.948730+01:00 11LSZbook kernel: Key type asymmetric registered
2026-09-16T07:40:23.948731+01:00 11LSZbook kernel: Asymmetric key parser 'x509' registered
2026-09-16T07:40:23.948781+01:00 11LSZbook kernel: Block layer SCSI generic (bsg) driver version 0.4 loaded (major 244)
2026-09-16T07:40:23.948782+01:00 11LSZbook kernel: io scheduler mq-deadline registered
2026-09-16T07:40:23.948783+01:00 11LSZbook kernel: io scheduler kyber registered
2026-09-16T07:40:23.948784+01:00 11LSZbook kernel: hv_vmbus: registering driver hv_pci
2026-09-16T07:40:23.948784+01:00 11LSZbook kernel: hv_pci c4b741f5-5582-4c98-8f8b-2e082933c396: PCI VMBus probing: Using version 0x10004
2026-09-16T07:40:23.948785+01:00 11LSZbook kernel: hv_pci c4b741f5-5582-4c98-8f8b-2e082933c396: PCI host bridge to bus 5582:00
2026-09-16T07:40:23.948785+01:00 11LSZbook kernel: pci_bus 5582:00: root bus resource [mem 0x9ffe00000-0x9ffe02fff window]
2026-09-16T07:40:23.948786+01:00 11LSZbook kernel: pci_bus 5582:00: No busn resource found for root bus, will use [bus 00-ff]
2026-09-16T07:40:23.948786+01:00 11LSZbook kernel: pci 5582:00:00.0: [1af4:1043] type 00 class 0x010000 conventional PCI endpoint
2026-09-16T07:40:23.948837+01:00 11LSZbook kernel: pci 5582:00:00.0: BAR 0 [mem 0x9ffe00000-0x9ffe00fff 64bit]
2026-09-16T07:40:23.948838+01:00 11LSZbook kernel: pci 5582:00:00.0: BAR 2 [mem 0x9ffe01000-0x9ffe01fff 64bit]
2026-09-16T07:40:23.948839+01:00 11LSZbook kernel: pci 5582:00:00.0: BAR 4 [mem 0x9ffe02000-0x9ffe02fff 64bit]
2026-09-16T07:40:23.948840+01:00 11LSZbook kernel: pci_bus 5582:00: busn_res: [bus 00-ff] end is updated to 00
2026-09-16T07:40:23.948840+01:00 11LSZbook kernel: pci 5582:00:00.0: BAR 0 [mem 0x9ffe00000-0x9ffe00fff 64bit]: assigned
2026-09-16T07:40:23.948841+01:00 11LSZbook kernel: pci 5582:00:00.0: BAR 2 [mem 0x9ffe01000-0x9ffe01fff 64bit]: assigned
2026-09-16T07:40:23.948841+01:00 11LSZbook kernel: pci 5582:00:00.0: BAR 4 [mem 0x9ffe02000-0x9ffe02fff 64bit]: assigned
2026-09-16T07:40:23.948842+01:00 11LSZbook kernel: ioatdma: Intel(R) QuickData Technology Driver 5.00
2026-09-16T07:40:23.948842+01:00 11LSZbook kernel: virtio-pci 5582:00:00.0: enabling device (0000 -> 0002)
2026-09-16T07:40:23.948862+01:00 11LSZbook kernel: Serial: 8250/16550 driver, 8 ports, IRQ sharing enabled
2026-09-16T07:40:23.948863+01:00 11LSZbook kernel: Linux agpgart interface v0.103
2026-09-16T07:40:23.948864+01:00 11LSZbook kernel: ACPI: bus type drm_connector registered
2026-09-16T07:40:23.948865+01:00 11LSZbook kernel: printk: legacy console [hvc0] enabled
2026-09-16T07:40:23.948865+01:00 11LSZbook kernel: brd: module loaded
2026-09-16T07:40:23.948866+01:00 11LSZbook kernel: loop: module loaded
2026-09-16T07:40:23.948866+01:00 11LSZbook kernel: Loading iSCSI transport class v2.0-870.
2026-09-16T07:40:23.948867+01:00 11LSZbook kernel: rdac: device handler registered
2026-09-16T07:40:23.948867+01:00 11LSZbook kernel: Microchip SmartPQI Driver (v2.1.34-035)
2026-09-16T07:40:23.948868+01:00 11LSZbook kernel: VMware PVSCSI driver - version 1.0.7.0-k
2026-09-16T07:40:23.948868+01:00 11LSZbook kernel: hv_vmbus: registering driver hv_storvsc
2026-09-16T07:40:23.948869+01:00 11LSZbook kernel: PPP generic driver version 2.4.2
2026-09-16T07:40:23.948869+01:00 11LSZbook kernel: VMware vmxnet3 virtual NIC driver - version 1.9.0.0-k-NAPI
2026-09-16T07:40:23.948870+01:00 11LSZbook kernel: hv_vmbus: registering driver hv_netvsc
2026-09-16T07:40:23.948870+01:00 11LSZbook kernel: scsi host0: storvsc_host_t
2026-09-16T07:40:23.948871+01:00 11LSZbook kernel: Fusion MPT base driver 3.04.20
2026-09-16T07:40:23.948871+01:00 11LSZbook kernel: Copyright (c) 1999-2008 LSI Corporation
2026-09-16T07:40:23.948871+01:00 11LSZbook kernel: Fusion MPT SPI Host driver 3.04.20
2026-09-16T07:40:23.948872+01:00 11LSZbook kernel: Fusion MPT SAS Host driver 3.04.20
2026-09-16T07:40:23.948872+01:00 11LSZbook kernel: Fusion MPT misc device (ioctl) driver 3.04.20
2026-09-16T07:40:23.948873+01:00 11LSZbook kernel: mptctl: Registered with Fusion MPT base driver
2026-09-16T07:40:23.948873+01:00 11LSZbook kernel: mptctl: /dev/mptctl @ (major,minor=10,220)
2026-09-16T07:40:23.948873+01:00 11LSZbook kernel: i8042: PNP: No PS/2 controller found.
2026-09-16T07:40:23.948874+01:00 11LSZbook kernel: hv_vmbus: registering driver hyperv_keyboard
2026-09-16T07:40:23.948874+01:00 11LSZbook kernel: rtc_cmos 00:00: RTC can wake from S4
2026-09-16T07:40:23.948875+01:00 11LSZbook kernel: rtc_cmos 00:00: registered as rtc0
2026-09-16T07:40:23.948875+01:00 11LSZbook kernel: rtc_cmos 00:00: setting system clock to 2026-09-16T06:38:45 UTC (1789540725)
2026-09-16T07:40:23.948876+01:00 11LSZbook kernel: rtc_cmos 00:00: alarms up to one month, 114 bytes nvram
2026-09-16T07:40:23.948876+01:00 11LSZbook kernel: device-mapper: core: CONFIG_IMA_DISABLE_HTABLE is disabled. Duplicate IMA measurements will not be recorded in the IMA log.
2026-09-16T07:40:23.948877+01:00 11LSZbook kernel: device-mapper: uevent: version 1.0.3
2026-09-16T07:40:23.948877+01:00 11LSZbook kernel: device-mapper: ioctl: 4.50.0-ioctl (2025-04-28) initialised: dm-devel@lists.linux.dev
2026-09-16T07:40:23.948878+01:00 11LSZbook kernel: intel_pstate: CPU model not supported
2026-09-16T07:40:23.948878+01:00 11LSZbook kernel: hv_utils: Registering HyperV Utility Driver
2026-09-16T07:40:23.948879+01:00 11LSZbook kernel: hv_vmbus: registering driver hv_utils
2026-09-16T07:40:23.948898+01:00 11LSZbook kernel: hv_vmbus: registering driver hv_balloon
2026-09-16T07:40:23.948900+01:00 11LSZbook kernel: hv_vmbus: registering driver dxgkrnl
2026-09-16T07:40:23.948905+01:00 11LSZbook kernel: hv_balloon: Using Dynamic Memory protocol version 2.0
2026-09-16T07:40:23.948906+01:00 11LSZbook kernel: hv_utils: TimeSync IC version 4.0
2026-09-16T07:40:23.948957+01:00 11LSZbook kernel: drop_monitor: Initializing network drop monitor service
2026-09-16T07:40:23.948975+01:00 11LSZbook kernel: Free page reporting enabled
2026-09-16T07:40:23.948976+01:00 11LSZbook kernel: hv_balloon: Cold memory discard hint enabled with order 9
2026-09-16T07:40:23.948977+01:00 11LSZbook kernel: NET: Registered PF_INET6 protocol family
2026-09-16T07:40:23.948978+01:00 11LSZbook kernel: Segment Routing with IPv6
2026-09-16T07:40:23.948978+01:00 11LSZbook kernel: In-situ OAM (IOAM) with IPv6
2026-09-16T07:40:23.948979+01:00 11LSZbook kernel: NET: Registered PF_PACKET protocol family
2026-09-16T07:40:23.948986+01:00 11LSZbook kernel: 9pnet: Installing 9P2000 support
2026-09-16T07:40:23.948987+01:00 11LSZbook kernel: NET: Registered PF_VSOCK protocol family
2026-09-16T07:40:23.948988+01:00 11LSZbook kernel: scsi 0:0:0:0: Direct-Access     Msft     Virtual Disk     1.0  PQ: 0 ANSI: 5
2026-09-16T07:40:23.949006+01:00 11LSZbook kernel: hv_vmbus: registering driver hv_sock
2026-09-16T07:40:23.949008+01:00 11LSZbook kernel: scsi 0:0:0:1: Direct-Access     Msft     Virtual Disk     1.0  PQ: 0 ANSI: 5
2026-09-16T07:40:23.949009+01:00 11LSZbook kernel: IPI shorthand broadcast: enabled
2026-09-16T07:40:23.949014+01:00 11LSZbook kernel: sched_clock: Marking stable (308752664, 3677416)->(334173868, -21743788)
2026-09-16T07:40:23.949015+01:00 11LSZbook kernel: registered taskstats version 1
2026-09-16T07:40:23.949016+01:00 11LSZbook kernel: Loading compiled-in X.509 certificates
2026-09-16T07:40:23.949016+01:00 11LSZbook kernel: sd 0:0:0:0: Attached scsi generic sg0 type 0
2026-09-16T07:40:23.949017+01:00 11LSZbook kernel: Demotion targets for Node 0: null
2026-09-16T07:40:23.949017+01:00 11LSZbook kernel: sd 0:0:0:0: [sda] 730960 512-byte logical blocks: (374 MB/357 MiB)
2026-09-16T07:40:23.949035+01:00 11LSZbook kernel: sd 0:0:0:1: Attached scsi generic sg1 type 0
2026-09-16T07:40:23.949036+01:00 11LSZbook kernel: ima: No TPM chip found, activating TPM-bypass!
2026-09-16T07:40:23.949100+01:00 11LSZbook kernel: sd 0:0:0:1: [sdb] 326464 512-byte logical blocks: (167 MB/159 MiB)
2026-09-16T07:40:23.949102+01:00 11LSZbook kernel: sd 0:0:0:1: [sdb] Write Protect is on
2026-09-16T07:40:23.949103+01:00 11LSZbook kernel: sd 0:0:0:1: [sdb] Mode Sense: 0f 00 80 00
2026-09-16T07:40:23.949104+01:00 11LSZbook kernel: sd 0:0:0:1: [sdb] Write cache: disabled, read cache: enabled, doesn't support DPO or FUA
2026-09-16T07:40:23.949104+01:00 11LSZbook kernel: sd 0:0:0:0: [sda] Write Protect is on
2026-09-16T07:40:23.949105+01:00 11LSZbook kernel: ima: Allocated hash algorithm: sha256
2026-09-16T07:40:23.949105+01:00 11LSZbook kernel: sd 0:0:0:0: [sda] Mode Sense: 0f 00 80 00
2026-09-16T07:40:23.949106+01:00 11LSZbook kernel: ima: No architecture policies found
2026-09-16T07:40:23.949106+01:00 11LSZbook kernel: sd 0:0:0:0: [sda] Write cache: disabled, read cache: enabled, doesn't support DPO or FUA
2026-09-16T07:40:23.949107+01:00 11LSZbook kernel: RAS: Correctable Errors collector initialized.
2026-09-16T07:40:23.949107+01:00 11LSZbook kernel: clk: Disabling unused clocks
2026-09-16T07:40:23.949108+01:00 11LSZbook kernel: sd 0:0:0:0: [sda] Attached SCSI disk
2026-09-16T07:40:23.949108+01:00 11LSZbook kernel: sd 0:0:0:1: [sdb] Attached SCSI disk
2026-09-16T07:40:23.949109+01:00 11LSZbook kernel: Freeing unused decrypted memory: 2028K
2026-09-16T07:40:23.949109+01:00 11LSZbook kernel: Freeing unused kernel image (initmem) memory: 4852K
2026-09-16T07:40:23.949116+01:00 11LSZbook kernel: Write protecting the kernel read-only data: 36864k
2026-09-16T07:40:23.949117+01:00 11LSZbook kernel: Freeing unused kernel image (text/rodata gap) memory: 300K
2026-09-16T07:40:23.949118+01:00 11LSZbook kernel: Freeing unused kernel image (rodata/data gap) memory: 1564K
2026-09-16T07:40:23.949118+01:00 11LSZbook kernel: Run /init as init process
2026-09-16T07:40:23.949119+01:00 11LSZbook kernel:   with arguments:
2026-09-16T07:40:23.949119+01:00 11LSZbook kernel:     /init
2026-09-16T07:40:23.949120+01:00 11LSZbook kernel:   with environment:
2026-09-16T07:40:23.949120+01:00 11LSZbook kernel:     HOME=/
2026-09-16T07:40:23.949121+01:00 11LSZbook kernel:     TERM=linux
2026-09-16T07:40:23.949121+01:00 11LSZbook kernel:     WSL_ROOT_INIT=1
2026-09-16T07:40:23.949122+01:00 11LSZbook kernel:     WSL_ENABLE_CRASH_DUMP=1
2026-09-16T07:40:23.949146+01:00 11LSZbook kernel: hv_vmbus: Unknown GUID: 6e382d18-3336-4f4b-acc4-2b7703d4df4a
2026-09-16T07:40:23.949147+01:00 11LSZbook kernel: hv_vmbus: Unknown GUID: dde9cbc0-5060-4436-9448-ea1254a5d177
2026-09-16T07:40:23.949148+01:00 11LSZbook kernel: hv_pci 398e4c9b-a2b7-407d-81d1-397d23832953: PCI VMBus probing: Using version 0x10004
2026-09-16T07:40:23.949148+01:00 11LSZbook kernel: hv_vmbus: Unknown GUID: 6e382d18-3336-4f4b-acc4-2b7703d4df4a
2026-09-16T07:40:23.949149+01:00 11LSZbook kernel: hv_pci 398e4c9b-a2b7-407d-81d1-397d23832953: PCI host bridge to bus a2b7:00
2026-09-16T07:40:23.949149+01:00 11LSZbook kernel: pci_bus a2b7:00: No busn resource found for root bus, will use [bus 00-ff]
2026-09-16T07:40:23.949150+01:00 11LSZbook kernel: pci a2b7:00:00.0: [1414:008e] type 00 class 0x030200 conventional PCI endpoint
2026-09-16T07:40:23.949150+01:00 11LSZbook kernel: pci_bus a2b7:00: busn_res: [bus 00-ff] end is updated to 00
2026-09-16T07:40:23.956533+01:00 11LSZbook kernel: hv_pci 69453352-d990-4247-bb3e-d9eb29cb18e4: PCI VMBus probing: Using version 0x10004
2026-09-16T07:40:23.956597+01:00 11LSZbook kernel: hv_pci 69453352-d990-4247-bb3e-d9eb29cb18e4: PCI host bridge to bus d990:00
2026-09-16T07:40:23.956599+01:00 11LSZbook kernel: pci_bus d990:00: No busn resource found for root bus, will use [bus 00-ff]
2026-09-16T07:40:23.956599+01:00 11LSZbook kernel: pci d990:00:00.0: [1414:008e] type 00 class 0x030200 conventional PCI endpoint
2026-09-16T07:40:23.956600+01:00 11LSZbook kernel: pci_bus d990:00: busn_res: [bus 00-ff] end is updated to 00
2026-09-16T07:40:23.956601+01:00 11LSZbook kernel: EXT4-fs (sda): mounted filesystem 00000000-0000-0000-0000-000000000000 ro without journal. Quota mode: none.
2026-09-16T07:40:23.956602+01:00 11LSZbook kernel: EXT4-fs (sdb): mounted filesystem 00000000-0000-0000-0000-000000000000 ro without journal. Quota mode: none.
2026-09-16T07:40:23.956603+01:00 11LSZbook kernel: tun: Universal TUN/TAP device driver, 1.6
2026-09-16T07:40:23.956603+01:00 11LSZbook kernel: bridge: filtering via arp/ip/ip6tables is no longer available by default. Update your scripts to load br_netfilter if you need this.
2026-09-16T07:40:23.956617+01:00 11LSZbook kernel: Bridge firewalling registered
2026-09-16T07:40:23.956618+01:00 11LSZbook kernel: hv_pci 0cd2ea6a-eb35-4c72-b020-88f38f36166e: PCI VMBus probing: Using version 0x10004
2026-09-16T07:40:23.956637+01:00 11LSZbook kernel: hv_pci 0cd2ea6a-eb35-4c72-b020-88f38f36166e: PCI host bridge to bus eb35:00
2026-09-16T07:40:23.956638+01:00 11LSZbook kernel: pci_bus eb35:00: root bus resource [mem 0xc00000000-0xe00001fff window]
2026-09-16T07:40:23.956639+01:00 11LSZbook kernel: pci_bus eb35:00: No busn resource found for root bus, will use [bus 00-ff]
2026-09-16T07:40:23.956639+01:00 11LSZbook kernel: pci eb35:00:00.0: [1af4:105a] type 00 class 0x088000 conventional PCI endpoint
2026-09-16T07:40:23.956660+01:00 11LSZbook kernel: pci eb35:00:00.0: BAR 0 [mem 0xe00000000-0xe00000fff 64bit]
2026-09-16T07:40:23.956672+01:00 11LSZbook kernel: pci eb35:00:00.0: BAR 2 [mem 0xe00001000-0xe00001fff 64bit]
2026-09-16T07:40:23.956674+01:00 11LSZbook kernel: pci eb35:00:00.0: BAR 4 [mem 0xc00000000-0xdffffffff 64bit]
2026-09-16T07:40:23.956674+01:00 11LSZbook kernel: pci_bus eb35:00: busn_res: [bus 00-ff] end is updated to 00
2026-09-16T07:40:23.956675+01:00 11LSZbook kernel: pci eb35:00:00.0: BAR 4 [mem 0xc00000000-0xdffffffff 64bit]: assigned
2026-09-16T07:40:23.956675+01:00 11LSZbook kernel: pci eb35:00:00.0: BAR 0 [mem 0xe00000000-0xe00000fff 64bit]: assigned
2026-09-16T07:40:23.956676+01:00 11LSZbook kernel: pci eb35:00:00.0: BAR 2 [mem 0xe00001000-0xe00001fff 64bit]: assigned
2026-09-16T07:40:23.956677+01:00 11LSZbook kernel: virtio-pci eb35:00:00.0: enabling device (0000 -> 0002)
2026-09-16T07:40:23.956677+01:00 11LSZbook kernel: virtiofs virtio1: discovered new tag: wslg
2026-09-16T07:40:23.956678+01:00 11LSZbook kernel: virtiofs virtio1: Cache len: 0x200000000 @ 0xc00000000
2026-09-16T07:40:23.956678+01:00 11LSZbook kernel: scsi 0:0:0:2: Direct-Access     Msft     Virtual Disk     1.0  PQ: 0 ANSI: 5
2026-09-16T07:40:23.956679+01:00 11LSZbook kernel: sd 0:0:0:2: Attached scsi generic sg2 type 0
2026-09-16T07:40:23.956684+01:00 11LSZbook kernel: sd 0:0:0:2: [sdc] 2147483648 512-byte logical blocks: (1.10 TB/1.00 TiB)
2026-09-16T07:40:23.956685+01:00 11LSZbook kernel: sd 0:0:0:2: [sdc] 4096-byte physical blocks
2026-09-16T07:40:23.956686+01:00 11LSZbook kernel: sd 0:0:0:2: [sdc] Write Protect is off
2026-09-16T07:40:23.956686+01:00 11LSZbook kernel: sd 0:0:0:2: [sdc] Mode Sense: 0f 00 00 00
2026-09-16T07:40:23.956687+01:00 11LSZbook kernel: sd 0:0:0:2: [sdc] Write cache: enabled, read cache: enabled, doesn't support DPO or FUA
2026-09-16T07:40:23.956687+01:00 11LSZbook kernel: sd 0:0:0:2: [sdc] Attached SCSI disk
2026-09-16T07:40:23.956688+01:00 11LSZbook kernel: EXT4-fs (sdc): mounted filesystem ea3824df-cfbb-4a4f-9524-27210ae0c2e1 r/w with ordered data mode. Quota mode: none.
2026-09-16T07:40:23.956782+01:00 11LSZbook kernel: scsi 0:0:0:3: Direct-Access     Msft     Virtual Disk     1.0  PQ: 0 ANSI: 5
2026-09-16T07:40:23.956783+01:00 11LSZbook kernel: sd 0:0:0:3: Attached scsi generic sg3 type 0
2026-09-16T07:40:23.956783+01:00 11LSZbook kernel: sd 0:0:0:3: [sdd] 2147483648 512-byte logical blocks: (1.10 TB/1.00 TiB)
2026-09-16T07:40:23.956784+01:00 11LSZbook kernel: sd 0:0:0:3: [sdd] 4096-byte physical blocks
2026-09-16T07:40:23.956785+01:00 11LSZbook kernel: sd 0:0:0:3: [sdd] Write Protect is off
2026-09-16T07:40:23.956785+01:00 11LSZbook kernel: sd 0:0:0:3: [sdd] Mode Sense: 0f 00 00 00
2026-09-16T07:40:23.956786+01:00 11LSZbook kernel: sd 0:0:0:3: [sdd] Write cache: enabled, read cache: enabled, doesn't support DPO or FUA
2026-09-16T07:40:23.956786+01:00 11LSZbook kernel: sd 0:0:0:3: [sdd] Attached SCSI disk
2026-09-16T07:40:23.956787+01:00 11LSZbook kernel: EXT4-fs (sdd): mounted filesystem 27968e05-1fda-47f0-9b91-e012ebb15c83 r/w with ordered data mode. Quota mode: none.
2026-09-16T07:40:23.956788+01:00 11LSZbook kernel: misc dxg: dxgk: dxgkio_is_feature_enabled: Ioctl failed: -22
2026-09-16T07:40:23.956789+01:00 11LSZbook kernel: misc dxg: dxgk: dxgkio_query_adapter_info: Ioctl failed: -22
2026-09-16T07:40:23.956792+01:00 11LSZbook kernel: message repeated 2 times: [ misc dxg: dxgk: dxgkio_query_adapter_info: Ioctl failed: -22]
2026-09-16T07:40:23.956794+01:00 11LSZbook kernel: misc dxg: dxgk: dxgkio_query_adapter_info: Ioctl failed: -2
2026-09-16T07:40:23.956835+01:00 11LSZbook kernel: misc dxg: dxgk: dxgkio_query_adapter_info: Ioctl failed: -22
2026-09-16T07:40:23.956836+01:00 11LSZbook kernel: message repeated 2 times: [ misc dxg: dxgk: dxgkio_query_adapter_info: Ioctl failed: -22]
2026-09-16T07:40:23.956837+01:00 11LSZbook kernel: misc dxg: dxgk: dxgkio_query_adapter_info: Ioctl failed: -2
2026-09-16T07:40:23.956839+01:00 11LSZbook kernel: scsi 0:0:0:4: Direct-Access     Msft     Virtual Disk     1.0  PQ: 0 ANSI: 5
2026-09-16T07:40:23.956839+01:00 11LSZbook kernel: sd 0:0:0:4: Attached scsi generic sg4 type 0
2026-09-16T07:40:23.956840+01:00 11LSZbook kernel: sd 0:0:0:4: [sde] 288830 512-byte logical blocks: (148 MB/141 MiB)
2026-09-16T07:40:23.956840+01:00 11LSZbook kernel: sd 0:0:0:4: [sde] Write Protect is off
2026-09-16T07:40:23.956841+01:00 11LSZbook kernel: sd 0:0:0:4: [sde] Mode Sense: 0f 00 00 00
2026-09-16T07:40:23.956841+01:00 11LSZbook kernel: sd 0:0:0:4: [sde] Write cache: enabled, read cache: enabled, doesn't support DPO or FUA
2026-09-16T07:40:23.956842+01:00 11LSZbook kernel: sd 0:0:0:4: [sde] Attached SCSI disk
2026-09-16T07:40:23.956842+01:00 11LSZbook kernel: EXT4-fs (sde): mounted filesystem b5ab0d4c-5f1e-4965-94e7-acda07f4b1d2 r/w with ordered data mode. Quota mode: none.
2026-09-16T07:40:23.956844+01:00 11LSZbook kernel: scsi 0:0:0:5: Direct-Access     Msft     Virtual Disk     1.0  PQ: 0 ANSI: 5
2026-09-16T07:40:23.956844+01:00 11LSZbook kernel: sd 0:0:0:5: Attached scsi generic sg5 type 0
2026-09-16T07:40:23.956845+01:00 11LSZbook kernel: sd 0:0:0:5: [sdf] 2147483648 512-byte logical blocks: (1.10 TB/1.00 TiB)
2026-09-16T07:40:23.956845+01:00 11LSZbook kernel: sd 0:0:0:5: [sdf] 4096-byte physical blocks
2026-09-16T07:40:23.956846+01:00 11LSZbook kernel: sd 0:0:0:5: [sdf] Write Protect is off
2026-09-16T07:40:23.956846+01:00 11LSZbook kernel: sd 0:0:0:5: [sdf] Mode Sense: 0f 00 00 00
2026-09-16T07:40:23.956846+01:00 11LSZbook kernel: sd 0:0:0:5: [sdf] Write cache: enabled, read cache: enabled, doesn't support DPO or FUA
2026-09-16T07:40:23.956847+01:00 11LSZbook kernel: misc dxg: dxgk: dxgkio_is_feature_enabled: Ioctl failed: -22
2026-09-16T07:40:23.956848+01:00 11LSZbook kernel: misc dxg: dxgk: dxgkio_query_adapter_info: Ioctl failed: -22
2026-09-16T07:40:23.956849+01:00 11LSZbook kernel: message repeated 2 times: [ misc dxg: dxgk: dxgkio_query_adapter_info: Ioctl failed: -22]
2026-09-16T07:40:23.956849+01:00 11LSZbook kernel: misc dxg: dxgk: dxgkio_query_adapter_info: Ioctl failed: -2
2026-09-16T07:40:23.956850+01:00 11LSZbook kernel: misc dxg: dxgk: dxgkio_query_adapter_info: Ioctl failed: -22
2026-09-16T07:40:23.956851+01:00 11LSZbook kernel: message repeated 2 times: [ misc dxg: dxgk: dxgkio_query_adapter_info: Ioctl failed: -22]
2026-09-16T07:40:23.956852+01:00 11LSZbook kernel: misc dxg: dxgk: dxgkio_query_adapter_info: Ioctl failed: -2
2026-09-16T07:40:23.956852+01:00 11LSZbook kernel: sd 0:0:0:5: [sdf] Attached SCSI disk
2026-09-16T07:40:23.956853+01:00 11LSZbook kernel: EXT4-fs (sdf): mounted filesystem de62f83d-5d77-47ad-99f0-fe1303dbf4a4 r/w with ordered data mode. Quota mode: none.
2026-09-16T07:40:23.956884+01:00 11LSZbook kernel: misc dxg: dxgk: dxgkio_is_feature_enabled: Ioctl failed: -22
2026-09-16T07:40:23.956886+01:00 11LSZbook kernel: misc dxg: dxgk: dxgkio_query_adapter_info: Ioctl failed: -22
2026-09-16T07:40:23.956887+01:00 11LSZbook kernel: message repeated 2 times: [ misc dxg: dxgk: dxgkio_query_adapter_info: Ioctl failed: -22]
2026-09-16T07:40:23.956888+01:00 11LSZbook kernel: misc dxg: dxgk: dxgkio_query_adapter_info: Ioctl failed: -2
2026-09-16T07:40:23.956890+01:00 11LSZbook kernel: misc dxg: dxgk: dxgkio_query_adapter_info: Ioctl failed: -22
2026-09-16T07:40:23.956892+01:00 11LSZbook kernel: message repeated 2 times: [ misc dxg: dxgk: dxgkio_query_adapter_info: Ioctl failed: -22]
2026-09-16T07:40:23.956892+01:00 11LSZbook kernel: misc dxg: dxgk: dxgkio_query_adapter_info: Ioctl failed: -2
2026-09-16T07:40:23.956893+01:00 11LSZbook kernel: misc dxg: dxgk: dxgkio_is_feature_enabled: Ioctl failed: -22
2026-09-16T07:40:23.956894+01:00 11LSZbook kernel: misc dxg: dxgk: dxgkio_query_adapter_info: Ioctl failed: -22
2026-09-16T07:40:23.956895+01:00 11LSZbook kernel: message repeated 2 times: [ misc dxg: dxgk: dxgkio_query_adapter_info: Ioctl failed: -22]
2026-09-16T07:40:23.956896+01:00 11LSZbook kernel: misc dxg: dxgk: dxgkio_query_adapter_info: Ioctl failed: -2
2026-09-16T07:40:23.956896+01:00 11LSZbook kernel: misc dxg: dxgk: dxgkio_query_adapter_info: Ioctl failed: -22
2026-09-16T07:40:23.956897+01:00 11LSZbook kernel: message repeated 2 times: [ misc dxg: dxgk: dxgkio_query_adapter_info: Ioctl failed: -22]
2026-09-16T07:40:23.956899+01:00 11LSZbook kernel: misc dxg: dxgk: dxgkio_query_adapter_info: Ioctl failed: -2
2026-09-16T07:40:23.956962+01:00 11LSZbook kernel: EXT4-fs (sdc): unmounting filesystem ea3824df-cfbb-4a4f-9524-27210ae0c2e1.
2026-09-16T07:40:23.957002+01:00 11LSZbook kernel: EXT4-fs (sdd): unmounting filesystem 27968e05-1fda-47f0-9b91-e012ebb15c83.
2026-09-16T07:40:23.957007+01:00 11LSZbook kernel: EXT4-fs (sde): unmounting filesystem b5ab0d4c-5f1e-4965-94e7-acda07f4b1d2.
2026-09-16T07:40:23.957010+01:00 11LSZbook kernel: EXT4-fs (sdf): unmounting filesystem de62f83d-5d77-47ad-99f0-fe1303dbf4a4.
2026-09-16T07:40:23.957010+01:00 11LSZbook kernel: EXT4-fs (sdc): mounted filesystem ea3824df-cfbb-4a4f-9524-27210ae0c2e1 r/w with ordered data mode. Quota mode: none.
2026-09-16T07:40:23.957012+01:00 11LSZbook kernel: EXT4-fs (sdd): mounted filesystem 27968e05-1fda-47f0-9b91-e012ebb15c83 r/w with ordered data mode. Quota mode: none.
2026-09-16T07:40:23.957019+01:00 11LSZbook kernel: misc dxg: dxgk: dxgkio_is_feature_enabled: Ioctl failed: -22
2026-09-16T07:40:23.957020+01:00 11LSZbook kernel: misc dxg: dxgk: dxgkio_query_adapter_info: Ioctl failed: -22
2026-09-16T07:40:23.957026+01:00 11LSZbook kernel: message repeated 2 times: [ misc dxg: dxgk: dxgkio_query_adapter_info: Ioctl failed: -22]
2026-09-16T07:40:23.957028+01:00 11LSZbook kernel: misc dxg: dxgk: dxgkio_query_adapter_info: Ioctl failed: -2
2026-09-16T07:40:23.957086+01:00 11LSZbook kernel: misc dxg: dxgk: dxgkio_query_adapter_info: Ioctl failed: -22
2026-09-16T07:40:23.957090+01:00 11LSZbook kernel: message repeated 2 times: [ misc dxg: dxgk: dxgkio_query_adapter_info: Ioctl failed: -22]
2026-09-16T07:40:23.957091+01:00 11LSZbook kernel: misc dxg: dxgk: dxgkio_query_adapter_info: Ioctl failed: -2
2026-09-16T07:40:23.957093+01:00 11LSZbook kernel: EXT4-fs (sde): mounted filesystem b5ab0d4c-5f1e-4965-94e7-acda07f4b1d2 r/w with ordered data mode. Quota mode: none.
2026-09-16T07:40:23.957095+01:00 11LSZbook kernel: EXT4-fs (sdf): mounted filesystem de62f83d-5d77-47ad-99f0-fe1303dbf4a4 r/w with ordered data mode. Quota mode: none.
2026-09-16T07:40:23.957105+01:00 11LSZbook kernel: misc dxg: dxgk: dxgkio_is_feature_enabled: Ioctl failed: -22
2026-09-16T07:40:23.957106+01:00 11LSZbook kernel: misc dxg: dxgk: dxgkio_query_adapter_info: Ioctl failed: -22
2026-09-16T07:40:23.957107+01:00 11LSZbook kernel: message repeated 2 times: [ misc dxg: dxgk: dxgkio_query_adapter_info: Ioctl failed: -22]
2026-09-16T07:40:23.957108+01:00 11LSZbook kernel: misc dxg: dxgk: dxgkio_query_adapter_info: Ioctl failed: -2
2026-09-16T07:40:23.957109+01:00 11LSZbook kernel: misc dxg: dxgk: dxgkio_query_adapter_info: Ioctl failed: -22
2026-09-16T07:40:23.957144+01:00 11LSZbook kernel: message repeated 2 times: [ misc dxg: dxgk: dxgkio_query_adapter_info: Ioctl failed: -22]
2026-09-16T07:40:23.957145+01:00 11LSZbook kernel: misc dxg: dxgk: dxgkio_query_adapter_info: Ioctl failed: -2
2026-09-16T07:40:23.957160+01:00 11LSZbook kernel: misc dxg: dxgk: dxgkio_is_feature_enabled: Ioctl failed: -22
2026-09-16T07:40:23.957161+01:00 11LSZbook kernel: misc dxg: dxgk: dxgkio_query_adapter_info: Ioctl failed: -22
2026-09-16T07:40:23.957163+01:00 11LSZbook kernel: message repeated 2 times: [ misc dxg: dxgk: dxgkio_query_adapter_info: Ioctl failed: -22]
2026-09-16T07:40:23.957164+01:00 11LSZbook kernel: misc dxg: dxgk: dxgkio_query_adapter_info: Ioctl failed: -2
2026-09-16T07:40:23.957165+01:00 11LSZbook kernel: misc dxg: dxgk: dxgkio_query_adapter_info: Ioctl failed: -22
2026-09-16T07:40:23.957167+01:00 11LSZbook kernel: message repeated 2 times: [ misc dxg: dxgk: dxgkio_query_adapter_info: Ioctl failed: -22]
2026-09-16T07:40:23.957167+01:00 11LSZbook kernel: misc dxg: dxgk: dxgkio_query_adapter_info: Ioctl failed: -2
2026-09-16T07:40:23.957169+01:00 11LSZbook kernel: misc dxg: dxgk: dxgkio_is_feature_enabled: Ioctl failed: -22
2026-09-16T07:40:23.957169+01:00 11LSZbook kernel: misc dxg: dxgk: dxgkio_query_adapter_info: Ioctl failed: -22
2026-09-16T07:40:23.957171+01:00 11LSZbook kernel: message repeated 2 times: [ misc dxg: dxgk: dxgkio_query_adapter_info: Ioctl failed: -22]
2026-09-16T07:40:23.957172+01:00 11LSZbook kernel: misc dxg: dxgk: dxgkio_query_adapter_info: Ioctl failed: -2
2026-09-16T07:40:23.957173+01:00 11LSZbook kernel: misc dxg: dxgk: dxgkio_query_adapter_info: Ioctl failed: -22
2026-09-16T07:40:23.957174+01:00 11LSZbook kernel: message repeated 2 times: [ misc dxg: dxgk: dxgkio_query_adapter_info: Ioctl failed: -22]
2026-09-16T07:40:23.957175+01:00 11LSZbook kernel: misc dxg: dxgk: dxgkio_query_adapter_info: Ioctl failed: -2
2026-09-16T07:40:23.957176+01:00 11LSZbook kernel: hv_balloon: Max. dynamic memory size: 16200 MB
2026-09-16T07:40:23.957179+01:00 11LSZbook kernel: EXT4-fs (sdc): unmounting filesystem ea3824df-cfbb-4a4f-9524-27210ae0c2e1.
2026-09-16T07:40:23.957181+01:00 11LSZbook kernel: EXT4-fs (sdd): unmounting filesystem 27968e05-1fda-47f0-9b91-e012ebb15c83.
2026-09-16T07:40:23.957254+01:00 11LSZbook kernel: EXT4-fs (sde): unmounting filesystem b5ab0d4c-5f1e-4965-94e7-acda07f4b1d2.
2026-09-16T07:40:23.957298+01:00 11LSZbook kernel: EXT4-fs (sdf): unmounting filesystem de62f83d-5d77-47ad-99f0-fe1303dbf4a4.
2026-09-16T07:40:23.957299+01:00 11LSZbook kernel: scsi 0:0:0:6: Direct-Access     Msft     Virtual Disk     1.0  PQ: 0 ANSI: 5
2026-09-16T07:40:23.957299+01:00 11LSZbook kernel: sd 0:0:0:6: Attached scsi generic sg6 type 0
2026-09-16T07:40:23.957300+01:00 11LSZbook kernel: sd 0:0:0:6: [sdg] 2147483648 512-byte logical blocks: (1.10 TB/1.00 TiB)
2026-09-16T07:40:23.957301+01:00 11LSZbook kernel: EXT4-fs (sde): mounted filesystem b5ab0d4c-5f1e-4965-94e7-acda07f4b1d2 r/w with ordered data mode. Quota mode: none.
2026-09-16T07:40:23.957302+01:00 11LSZbook kernel: sd 0:0:0:6: [sdg] 4096-byte physical blocks
2026-09-16T07:40:23.957308+01:00 11LSZbook kernel: sd 0:0:0:6: [sdg] Write Protect is off
2026-09-16T07:40:23.957309+01:00 11LSZbook kernel: sd 0:0:0:6: [sdg] Mode Sense: 0f 00 00 00
2026-09-16T07:40:23.957310+01:00 11LSZbook kernel: sd 0:0:0:6: [sdg] Write cache: enabled, read cache: enabled, doesn't support DPO or FUA
2026-09-16T07:40:23.957311+01:00 11LSZbook kernel: sd 0:0:0:6: [sdg] Attached SCSI disk
2026-09-16T07:40:23.957313+01:00 11LSZbook kernel: misc dxg: dxgk: dxgkio_is_feature_enabled: Ioctl failed: -22
2026-09-16T07:40:23.957313+01:00 11LSZbook kernel: misc dxg: dxgk: dxgkio_query_adapter_info: Ioctl failed: -22
2026-09-16T07:40:23.957318+01:00 11LSZbook kernel: message repeated 2 times: [ misc dxg: dxgk: dxgkio_query_adapter_info: Ioctl failed: -22]
2026-09-16T07:40:23.957320+01:00 11LSZbook kernel: misc dxg: dxgk: dxgkio_query_adapter_info: Ioctl failed: -2
2026-09-16T07:40:23.957323+01:00 11LSZbook kernel: misc dxg: dxgk: dxgkio_query_adapter_info: Ioctl failed: -22
2026-09-16T07:40:23.957324+01:00 11LSZbook kernel: message repeated 2 times: [ misc dxg: dxgk: dxgkio_query_adapter_info: Ioctl failed: -22]
2026-09-16T07:40:23.957325+01:00 11LSZbook kernel: misc dxg: dxgk: dxgkio_query_adapter_info: Ioctl failed: -2
2026-09-16T07:40:23.957326+01:00 11LSZbook kernel: EXT4-fs (sdg): recovery complete
2026-09-16T07:40:23.957327+01:00 11LSZbook kernel: EXT4-fs (sdg): mounted filesystem 324e0566-2a15-409f-a440-3c600cdbfb3f r/w with ordered data mode. Quota mode: none.
2026-09-16T07:40:23.957328+01:00 11LSZbook kernel: loop0: detected capacity change from 0 to 1526420
2026-09-16T07:40:23.957328+01:00 11LSZbook kernel: ISO 9660 Extensions: Microsoft Joliet Level 3
2026-09-16T07:40:23.957328+01:00 11LSZbook kernel: ISO 9660 Extensions: RRIP_1991A
2026-09-16T07:40:23.957352+01:00 11LSZbook kernel: loop1: detected capacity change from 0 to 1488624
2026-09-16T07:40:23.957353+01:00 11LSZbook kernel: ISO 9660 Extensions: RRIP_1991A
2026-09-16T07:40:23.957353+01:00 11LSZbook kernel: /proc/cgroups lists only v1 controllers, use cgroup.controllers of root cgroup for v2 info
2026-09-16T07:40:23.957394+01:00 11LSZbook kernel: netlink: 'initd': attribute type 4 has an invalid length.
2026-09-16T07:40:23.957420+01:00 11LSZbook kernel: virtiofs: Unknown parameter 'negative_dentry_timeout'
2026-09-16T07:40:23.957422+01:00 11LSZbook kernel: EXT4-fs (sdd): mounted filesystem 27968e05-1fda-47f0-9b91-e012ebb15c83 r/w with ordered data mode. Quota mode: none.
2026-09-16T07:40:23.957422+01:00 11LSZbook kernel: NOTICE: Automounting of tracing to debugfs is deprecated and will be removed in 2030
2026-09-16T07:40:23.957423+01:00 11LSZbook kernel: RPC: Registered named UNIX socket transport module.
2026-09-16T07:40:23.957424+01:00 11LSZbook kernel: RPC: Registered udp transport module.
2026-09-16T07:40:23.957424+01:00 11LSZbook kernel: RPC: Registered tcp transport module.
2026-09-16T07:40:23.957425+01:00 11LSZbook kernel: RPC: Registered tcp-with-tls transport module.
2026-09-16T07:40:23.957425+01:00 11LSZbook kernel: RPC: Registered tcp NFSv4.1 backchannel transport module.
2026-09-16T07:40:23.957460+01:00 11LSZbook kernel: EXT4-fs (sdf): mounted filesystem de62f83d-5d77-47ad-99f0-fe1303dbf4a4 r/w with ordered data mode. Quota mode: none.
2026-09-16T07:40:23.957493+01:00 11LSZbook kernel: misc dxg: dxgk: dxgkio_is_feature_enabled: Ioctl failed: -22
2026-09-16T07:40:23.957495+01:00 11LSZbook kernel: misc dxg: dxgk: dxgkio_query_adapter_info: Ioctl failed: -22
2026-09-16T07:40:23.957497+01:00 11LSZbook kernel: message repeated 2 times: [ misc dxg: dxgk: dxgkio_query_adapter_info: Ioctl failed: -22]
2026-09-16T07:40:23.957498+01:00 11LSZbook kernel: misc dxg: dxgk: dxgkio_query_adapter_info: Ioctl failed: -2
2026-09-16T07:40:23.957545+01:00 11LSZbook kernel: misc dxg: dxgk: dxgkio_query_adapter_info: Ioctl failed: -22
2026-09-16T07:40:23.957548+01:00 11LSZbook kernel: message repeated 2 times: [ misc dxg: dxgk: dxgkio_query_adapter_info: Ioctl failed: -22]
2026-09-16T07:40:23.957550+01:00 11LSZbook kernel: misc dxg: dxgk: dxgkio_query_adapter_info: Ioctl failed: -2
2026-09-16T07:40:23.957564+01:00 11LSZbook kernel: ACPI: battery: Slot [BAT1] (battery present)
2026-09-16T07:40:23.957565+01:00 11LSZbook kernel: ACPI: AC: AC Adapter [AC1] (on-line)
2026-09-16T07:40:23.957566+01:00 11LSZbook kernel: misc dxg: dxgk: dxgkio_is_feature_enabled: Ioctl failed: -22
2026-09-16T07:40:23.957566+01:00 11LSZbook kernel: misc dxg: dxgk: dxgkio_query_adapter_info: Ioctl failed: -22
2026-09-16T07:40:23.957568+01:00 11LSZbook kernel: message repeated 2 times: [ misc dxg: dxgk: dxgkio_query_adapter_info: Ioctl failed: -22]
2026-09-16T07:40:23.957576+01:00 11LSZbook kernel: misc dxg: dxgk: dxgkio_query_adapter_info: Ioctl failed: -2
2026-09-16T07:40:23.957594+01:00 11LSZbook kernel: misc dxg: dxgk: dxgkio_query_adapter_info: Ioctl failed: -22
2026-09-16T07:40:23.957596+01:00 11LSZbook kernel: message repeated 2 times: [ misc dxg: dxgk: dxgkio_query_adapter_info: Ioctl failed: -22]
2026-09-16T07:40:23.957597+01:00 11LSZbook kernel: misc dxg: dxgk: dxgkio_query_adapter_info: Ioctl failed: -2
2026-09-16T07:40:23.957599+01:00 11LSZbook kernel: loop2: detected capacity change from 0 to 8
2026-09-16T07:40:24.184097+01:00 11LSZbook kernel: EXT4-fs (sdc): mounted filesystem ea3824df-cfbb-4a4f-9524-27210ae0c2e1 r/w with ordered data mode. Quota mode: none.
2026-09-16T07:40:24.724979+01:00 11LSZbook kernel: misc dxg: dxgk: dxgkio_is_feature_enabled: Ioctl failed: -22
2026-09-16T07:40:24.733760+01:00 11LSZbook kernel: misc dxg: dxgk: dxgkio_query_adapter_info: Ioctl failed: -22
2026-09-16T07:40:24.741470+01:00 11LSZbook kernel: message repeated 2 times: [ misc dxg: dxgk: dxgkio_query_adapter_info: Ioctl failed: -22]
2026-09-16T07:40:24.741480+01:00 11LSZbook kernel: misc dxg: dxgk: dxgkio_query_adapter_info: Ioctl failed: -2
2026-09-16T07:40:24.744473+01:00 11LSZbook kernel: misc dxg: dxgk: dxgkio_query_adapter_info: Ioctl failed: -22
2026-09-16T07:40:24.748163+01:00 11LSZbook kernel: message repeated 2 times: [ misc dxg: dxgk: dxgkio_query_adapter_info: Ioctl failed: -22]
2026-09-16T07:40:24.748173+01:00 11LSZbook kernel: misc dxg: dxgk: dxgkio_query_adapter_info: Ioctl failed: -2
2026-09-16T07:40:25.172118+01:00 11LSZbook kernel: kvm_intel: Using Hyper-V Enlightened VMCS
2026-09-16T07:40:25.176136+01:00 11LSZbook kernel: vmentry_ctrl unsupported with eVMCS: 0x100000
2026-09-16T07:40:25.176154+01:00 11LSZbook kernel: vmexit_ctrl unsupported with eVMCS: 0x10000000
2026-09-16T07:40:25.180261+01:00 11LSZbook kernel: Initializing XFRM netlink socket
2026-09-16T07:40:26.080317+01:00 11LSZbook kernel: intel_rapl_msr: PL4 support detected.
2026-09-16T07:42:08.618255+01:00 11LSZbook kernel: device offline error, dev sdg, sector 0 op 0x1:(WRITE) flags 0x800 phys_seg 0 prio class 2
2026-09-16T07:42:08.743855+01:00 11LSZbook kernel: EXT4-fs (sdg): shut down requested (2)
2026-09-16T07:42:08.743900+01:00 11LSZbook kernel: Aborting journal on device sdg-8.
2026-09-16T07:42:08.743901+01:00 11LSZbook kernel: device offline error, dev sdg, sector 1073479680 op 0x1:(WRITE) flags 0x9800 phys_seg 1 prio class 2
2026-09-16T07:42:08.743909+01:00 11LSZbook kernel: device offline error, dev sdg, sector 1073479680 op 0x1:(WRITE) flags 0x9800 phys_seg 1 prio class 2
2026-09-16T07:42:08.747541+01:00 11LSZbook kernel: Buffer I/O error on dev sdg, logical block 134184960, lost sync page write
2026-09-16T07:42:08.747614+01:00 11LSZbook kernel: JBD2: I/O error when updating journal superblock for sdg-8.
2026-09-16T07:42:08.790313+01:00 11LSZbook kernel: sd 0:0:0:6: [sdg] Synchronizing SCSI cache
2026-09-16T07:42:25.294255+01:00 11LSZbook kernel: EXT4-fs (sdg): unmounting filesystem 324e0566-2a15-409f-a440-3c600cdbfb3f.
2026-09-16T07:42:25.294299+01:00 11LSZbook kernel: EXT4-fs (sde): unmounting filesystem b5ab0d4c-5f1e-4965-94e7-acda07f4b1d2.
2026-09-16T07:42:25.494187+01:00 11LSZbook kernel: EXT4-fs (sdf): unmounting filesystem de62f83d-5d77-47ad-99f0-fe1303dbf4a4.
2026-09-16T07:42:36.382212+01:00 11LSZbook kernel: EXT4-fs (sdf): mounted filesystem de62f83d-5d77-47ad-99f0-fe1303dbf4a4 r/w with ordered data mode. Quota mode: none.
2026-09-16T07:42:36.695103+01:00 11LSZbook kernel: misc dxg: dxgk: dxgkio_is_feature_enabled: Ioctl failed: -22
2026-09-16T07:42:36.695122+01:00 11LSZbook kernel: misc dxg: dxgk: dxgkio_query_adapter_info: Ioctl failed: -22
2026-09-16T07:42:36.699072+01:00 11LSZbook kernel: message repeated 2 times: [ misc dxg: dxgk: dxgkio_query_adapter_info: Ioctl failed: -22]
2026-09-16T07:42:36.699073+01:00 11LSZbook kernel: misc dxg: dxgk: dxgkio_query_adapter_info: Ioctl failed: -2
2026-09-16T07:42:36.702945+01:00 11LSZbook kernel: misc dxg: dxgk: dxgkio_query_adapter_info: Ioctl failed: -22
2026-09-16T07:42:36.706202+01:00 11LSZbook kernel: message repeated 2 times: [ misc dxg: dxgk: dxgkio_query_adapter_info: Ioctl failed: -22]
2026-09-16T07:42:36.706214+01:00 11LSZbook kernel: misc dxg: dxgk: dxgkio_query_adapter_info: Ioctl failed: -2
2026-09-16T07:42:36.806217+01:00 11LSZbook kernel: EXT4-fs (sde): mounted filesystem b5ab0d4c-5f1e-4965-94e7-acda07f4b1d2 r/w with ordered data mode. Quota mode: none.
2026-09-16T07:42:37.102251+01:00 11LSZbook kernel: misc dxg: dxgk: dxgkio_is_feature_enabled: Ioctl failed: -22
2026-09-16T07:42:37.102308+01:00 11LSZbook kernel: misc dxg: dxgk: dxgkio_query_adapter_info: Ioctl failed: -22
2026-09-16T07:42:37.106206+01:00 11LSZbook kernel: message repeated 2 times: [ misc dxg: dxgk: dxgkio_query_adapter_info: Ioctl failed: -22]
2026-09-16T07:42:37.106216+01:00 11LSZbook kernel: misc dxg: dxgk: dxgkio_query_adapter_info: Ioctl failed: -2
2026-09-16T07:42:37.111013+01:00 11LSZbook kernel: misc dxg: dxgk: dxgkio_query_adapter_info: Ioctl failed: -22
2026-09-16T07:42:37.111053+01:00 11LSZbook kernel: message repeated 2 times: [ misc dxg: dxgk: dxgkio_query_adapter_info: Ioctl failed: -22]
2026-09-16T07:42:37.114206+01:00 11LSZbook kernel: misc dxg: dxgk: dxgkio_query_adapter_info: Ioctl failed: -2
2026-09-16T07:42:51.834236+01:00 11LSZbook kernel: EXT4-fs (sdf): unmounting filesystem de62f83d-5d77-47ad-99f0-fe1303dbf4a4.
2026-09-16T07:42:52.078356+01:00 11LSZbook kernel: EXT4-fs (sde): unmounting filesystem b5ab0d4c-5f1e-4965-94e7-acda07f4b1d2.
2026-09-16T07:43:43.014290+01:00 11LSZbook kernel: EXT4-fs (sde): mounted filesystem b5ab0d4c-5f1e-4965-94e7-acda07f4b1d2 r/w with ordered data mode. Quota mode: none.
2026-09-16T07:43:43.414231+01:00 11LSZbook kernel: EXT4-fs (sdf): mounted filesystem de62f83d-5d77-47ad-99f0-fe1303dbf4a4 r/w with ordered data mode. Quota mode: none.
2026-09-16T07:43:43.574523+01:00 11LSZbook kernel: misc dxg: dxgk: dxgkio_is_feature_enabled: Ioctl failed: -22
2026-09-16T07:43:43.574554+01:00 11LSZbook kernel: misc dxg: dxgk: dxgkio_query_adapter_info: Ioctl failed: -22
2026-09-16T07:43:43.610578+01:00 11LSZbook kernel: message repeated 2 times: [ misc dxg: dxgk: dxgkio_query_adapter_info: Ioctl failed: -22]
2026-09-16T07:43:43.616581+01:00 11LSZbook kernel: misc dxg: dxgk: dxgkio_query_adapter_info: Ioctl failed: -2
2026-09-16T07:43:43.623301+01:00 11LSZbook kernel: misc dxg: dxgk: dxgkio_query_adapter_info: Ioctl failed: -22
2026-09-16T07:43:43.626766+01:00 11LSZbook kernel: message repeated 2 times: [ misc dxg: dxgk: dxgkio_query_adapter_info: Ioctl failed: -22]
2026-09-16T07:43:43.635394+01:00 11LSZbook kernel: misc dxg: dxgk: dxgkio_query_adapter_info: Ioctl failed: -2
2026-09-16T07:43:43.956753+01:00 11LSZbook kernel: misc dxg: dxgk: dxgkio_is_feature_enabled: Ioctl failed: -22
2026-09-16T07:43:43.960302+01:00 11LSZbook kernel: misc dxg: dxgk: dxgkio_query_adapter_info: Ioctl failed: -22
2026-09-16T07:43:43.971859+01:00 11LSZbook kernel: message repeated 2 times: [ misc dxg: dxgk: dxgkio_query_adapter_info: Ioctl failed: -22]
2026-09-16T07:43:43.980053+01:00 11LSZbook kernel: misc dxg: dxgk: dxgkio_query_adapter_info: Ioctl failed: -2
2026-09-16T07:43:44.005106+01:00 11LSZbook kernel: misc dxg: dxgk: dxgkio_query_adapter_info: Ioctl failed: -22
2026-09-16T07:43:44.022357+01:00 11LSZbook kernel: message repeated 2 times: [ misc dxg: dxgk: dxgkio_query_adapter_info: Ioctl failed: -22]
2026-09-16T07:43:44.031697+01:00 11LSZbook kernel: misc dxg: dxgk: dxgkio_query_adapter_info: Ioctl failed: -2
2026-09-16T07:44:13.342283+01:00 11LSZbook kernel: EXT4-fs (sde): unmounting filesystem b5ab0d4c-5f1e-4965-94e7-acda07f4b1d2.
2026-09-16T07:44:14.150242+01:00 11LSZbook kernel: EXT4-fs (sdf): unmounting filesystem de62f83d-5d77-47ad-99f0-fe1303dbf4a4.
2026-09-16T07:48:47.462353+01:00 11LSZbook kernel: mini_init (205): drop_caches: 1
2026-09-16T07:53:01.818189+01:00 11LSZbook kernel: EXT4-fs (sde): mounted filesystem b5ab0d4c-5f1e-4965-94e7-acda07f4b1d2 r/w with ordered data mode. Quota mode: none.
2026-09-16T07:53:02.250228+01:00 11LSZbook kernel: EXT4-fs (sdf): mounted filesystem de62f83d-5d77-47ad-99f0-fe1303dbf4a4 r/w with ordered data mode. Quota mode: none.
2026-09-16T07:53:02.318352+01:00 11LSZbook kernel: misc dxg: dxgk: dxgkio_is_feature_enabled: Ioctl failed: -22
2026-09-16T07:53:02.318401+01:00 11LSZbook kernel: misc dxg: dxgk: dxgkio_query_adapter_info: Ioctl failed: -22
2026-09-16T07:53:02.322246+01:00 11LSZbook kernel: message repeated 2 times: [ misc dxg: dxgk: dxgkio_query_adapter_info: Ioctl failed: -22]
2026-09-16T07:53:02.322261+01:00 11LSZbook kernel: misc dxg: dxgk: dxgkio_query_adapter_info: Ioctl failed: -2
2026-09-16T07:53:02.322307+01:00 11LSZbook kernel: misc dxg: dxgk: dxgkio_query_adapter_info: Ioctl failed: -22
2026-09-16T07:53:02.326216+01:00 11LSZbook kernel: message repeated 2 times: [ misc dxg: dxgk: dxgkio_query_adapter_info: Ioctl failed: -22]
2026-09-16T07:53:02.326217+01:00 11LSZbook kernel: misc dxg: dxgk: dxgkio_query_adapter_info: Ioctl failed: -2
2026-09-16T07:53:02.502956+01:00 11LSZbook kernel: misc dxg: dxgk: dxgkio_is_feature_enabled: Ioctl failed: -22
2026-09-16T07:53:02.503000+01:00 11LSZbook kernel: misc dxg: dxgk: dxgkio_query_adapter_info: Ioctl failed: -22
2026-09-16T07:53:02.503005+01:00 11LSZbook kernel: message repeated 2 times: [ misc dxg: dxgk: dxgkio_query_adapter_info: Ioctl failed: -22]
2026-09-16T07:53:02.506334+01:00 11LSZbook kernel: misc dxg: dxgk: dxgkio_query_adapter_info: Ioctl failed: -2
2026-09-16T07:53:02.506367+01:00 11LSZbook kernel: misc dxg: dxgk: dxgkio_query_adapter_info: Ioctl failed: -22
2026-09-16T07:53:02.510233+01:00 11LSZbook kernel: message repeated 2 times: [ misc dxg: dxgk: dxgkio_query_adapter_info: Ioctl failed: -22]
2026-09-16T07:53:02.510233+01:00 11LSZbook kernel: misc dxg: dxgk: dxgkio_query_adapter_info: Ioctl failed: -2
2026-09-16T07:53:17.246225+01:00 11LSZbook kernel: EXT4-fs (sde): unmounting filesystem b5ab0d4c-5f1e-4965-94e7-acda07f4b1d2.
2026-09-16T07:53:17.562281+01:00 11LSZbook kernel: EXT4-fs (sdf): unmounting filesystem de62f83d-5d77-47ad-99f0-fe1303dbf4a4.
2026-09-16T07:53:23.162195+01:00 11LSZbook kernel: EXT4-fs (sde): mounted filesystem b5ab0d4c-5f1e-4965-94e7-acda07f4b1d2 r/w with ordered data mode. Quota mode: none.
2026-09-16T07:53:23.334190+01:00 11LSZbook kernel: EXT4-fs (sdf): mounted filesystem de62f83d-5d77-47ad-99f0-fe1303dbf4a4 r/w with ordered data mode. Quota mode: none.
2026-09-16T07:53:23.358221+01:00 11LSZbook kernel: misc dxg: dxgk: dxgkio_is_feature_enabled: Ioctl failed: -22
2026-09-16T07:53:23.358253+01:00 11LSZbook kernel: misc dxg: dxgk: dxgkio_query_adapter_info: Ioctl failed: -22
2026-09-16T07:53:23.358265+01:00 11LSZbook kernel: message repeated 2 times: [ misc dxg: dxgk: dxgkio_query_adapter_info: Ioctl failed: -22]
2026-09-16T07:53:23.362415+01:00 11LSZbook kernel: misc dxg: dxgk: dxgkio_query_adapter_info: Ioctl failed: -2
2026-09-16T07:53:23.362443+01:00 11LSZbook kernel: misc dxg: dxgk: dxgkio_query_adapter_info: Ioctl failed: -22
2026-09-16T07:53:23.366196+01:00 11LSZbook kernel: message repeated 2 times: [ misc dxg: dxgk: dxgkio_query_adapter_info: Ioctl failed: -22]
2026-09-16T07:53:23.366205+01:00 11LSZbook kernel: misc dxg: dxgk: dxgkio_query_adapter_info: Ioctl failed: -2
2026-09-16T07:53:23.546216+01:00 11LSZbook kernel: misc dxg: dxgk: dxgkio_is_feature_enabled: Ioctl failed: -22
2026-09-16T07:53:23.546239+01:00 11LSZbook kernel: misc dxg: dxgk: dxgkio_query_adapter_info: Ioctl failed: -22
2026-09-16T07:53:23.550844+01:00 11LSZbook kernel: message repeated 2 times: [ misc dxg: dxgk: dxgkio_query_adapter_info: Ioctl failed: -22]
2026-09-16T07:53:23.550850+01:00 11LSZbook kernel: misc dxg: dxgk: dxgkio_query_adapter_info: Ioctl failed: -2
2026-09-16T07:53:23.550872+01:00 11LSZbook kernel: misc dxg: dxgk: dxgkio_query_adapter_info: Ioctl failed: -22
2026-09-16T07:53:23.554163+01:00 11LSZbook kernel: message repeated 2 times: [ misc dxg: dxgk: dxgkio_query_adapter_info: Ioctl failed: -22]
2026-09-16T07:53:23.554171+01:00 11LSZbook kernel: misc dxg: dxgk: dxgkio_query_adapter_info: Ioctl failed: -2
2026-09-16T07:53:38.334286+01:00 11LSZbook kernel: EXT4-fs (sde): unmounting filesystem b5ab0d4c-5f1e-4965-94e7-acda07f4b1d2.
2026-09-16T07:53:38.602158+01:00 11LSZbook kernel: EXT4-fs (sdf): unmounting filesystem de62f83d-5d77-47ad-99f0-fe1303dbf4a4.
2026-09-16T08:09:12.002243+01:00 11LSZbook kernel: EXT4-fs (sde): mounted filesystem b5ab0d4c-5f1e-4965-94e7-acda07f4b1d2 r/w with ordered data mode. Quota mode: none.
2026-09-16T08:09:12.234215+01:00 11LSZbook kernel: EXT4-fs (sdf): mounted filesystem de62f83d-5d77-47ad-99f0-fe1303dbf4a4 r/w with ordered data mode. Quota mode: none.
2026-09-16T08:09:12.318458+01:00 11LSZbook kernel: misc dxg: dxgk: dxgkio_is_feature_enabled: Ioctl failed: -22
2026-09-16T08:09:12.318487+01:00 11LSZbook kernel: misc dxg: dxgk: dxgkio_query_adapter_info: Ioctl failed: -22
2026-09-16T08:09:12.322874+01:00 11LSZbook kernel: message repeated 2 times: [ misc dxg: dxgk: dxgkio_query_adapter_info: Ioctl failed: -22]
2026-09-16T08:09:12.322875+01:00 11LSZbook kernel: misc dxg: dxgk: dxgkio_query_adapter_info: Ioctl failed: -2
2026-09-16T08:09:12.322965+01:00 11LSZbook kernel: misc dxg: dxgk: dxgkio_query_adapter_info: Ioctl failed: -22
2026-09-16T08:09:12.326201+01:00 11LSZbook kernel: message repeated 2 times: [ misc dxg: dxgk: dxgkio_query_adapter_info: Ioctl failed: -22]
2026-09-16T08:09:12.326202+01:00 11LSZbook kernel: misc dxg: dxgk: dxgkio_query_adapter_info: Ioctl failed: -2
2026-09-16T08:09:12.570267+01:00 11LSZbook kernel: misc dxg: dxgk: dxgkio_is_feature_enabled: Ioctl failed: -22
2026-09-16T08:09:12.574396+01:00 11LSZbook kernel: misc dxg: dxgk: dxgkio_query_adapter_info: Ioctl failed: -22
2026-09-16T08:09:12.574451+01:00 11LSZbook kernel: message repeated 2 times: [ misc dxg: dxgk: dxgkio_query_adapter_info: Ioctl failed: -22]
2026-09-16T08:09:12.574452+01:00 11LSZbook kernel: misc dxg: dxgk: dxgkio_query_adapter_info: Ioctl failed: -2
2026-09-16T08:09:12.578418+01:00 11LSZbook kernel: misc dxg: dxgk: dxgkio_query_adapter_info: Ioctl failed: -22
2026-09-16T08:09:12.578446+01:00 11LSZbook kernel: message repeated 2 times: [ misc dxg: dxgk: dxgkio_query_adapter_info: Ioctl failed: -22]
2026-09-16T08:09:12.582237+01:00 11LSZbook kernel: misc dxg: dxgk: dxgkio_query_adapter_info: Ioctl failed: -2
2026-09-16T08:09:27.218291+01:00 11LSZbook kernel: EXT4-fs (sde): unmounting filesystem b5ab0d4c-5f1e-4965-94e7-acda07f4b1d2.
2026-09-16T08:09:27.626268+01:00 11LSZbook kernel: EXT4-fs (sdf): unmounting filesystem de62f83d-5d77-47ad-99f0-fe1303dbf4a4.
2026-09-16T08:23:42.990201+01:00 11LSZbook kernel: EXT4-fs (sde): mounted filesystem b5ab0d4c-5f1e-4965-94e7-acda07f4b1d2 r/w with ordered data mode. Quota mode: none.
2026-09-16T08:23:43.350240+01:00 11LSZbook kernel: EXT4-fs (sdf): mounted filesystem de62f83d-5d77-47ad-99f0-fe1303dbf4a4 r/w with ordered data mode. Quota mode: none.
2026-09-16T08:23:43.446520+01:00 11LSZbook kernel: misc dxg: dxgk: dxgkio_is_feature_enabled: Ioctl failed: -22
2026-09-16T08:23:43.446576+01:00 11LSZbook kernel: misc dxg: dxgk: dxgkio_query_adapter_info: Ioctl failed: -22
2026-09-16T08:23:43.450880+01:00 11LSZbook kernel: message repeated 2 times: [ misc dxg: dxgk: dxgkio_query_adapter_info: Ioctl failed: -22]
2026-09-16T08:23:43.450891+01:00 11LSZbook kernel: misc dxg: dxgk: dxgkio_query_adapter_info: Ioctl failed: -2
2026-09-16T08:23:43.450920+01:00 11LSZbook kernel: misc dxg: dxgk: dxgkio_query_adapter_info: Ioctl failed: -22
2026-09-16T08:23:43.454226+01:00 11LSZbook kernel: message repeated 2 times: [ misc dxg: dxgk: dxgkio_query_adapter_info: Ioctl failed: -22]
2026-09-16T08:23:43.454226+01:00 11LSZbook kernel: misc dxg: dxgk: dxgkio_query_adapter_info: Ioctl failed: -2
2026-09-16T08:23:43.714547+01:00 11LSZbook kernel: misc dxg: dxgk: dxgkio_is_feature_enabled: Ioctl failed: -22
2026-09-16T08:23:43.714591+01:00 11LSZbook kernel: misc dxg: dxgk: dxgkio_query_adapter_info: Ioctl failed: -22
2026-09-16T08:23:43.714596+01:00 11LSZbook kernel: message repeated 2 times: [ misc dxg: dxgk: dxgkio_query_adapter_info: Ioctl failed: -22]
2026-09-16T08:23:43.718738+01:00 11LSZbook kernel: misc dxg: dxgk: dxgkio_query_adapter_info: Ioctl failed: -2
2026-09-16T08:23:43.718785+01:00 11LSZbook kernel: misc dxg: dxgk: dxgkio_query_adapter_info: Ioctl failed: -22
2026-09-16T08:23:43.722293+01:00 11LSZbook kernel: message repeated 2 times: [ misc dxg: dxgk: dxgkio_query_adapter_info: Ioctl failed: -22]
2026-09-16T08:23:43.722304+01:00 11LSZbook kernel: misc dxg: dxgk: dxgkio_query_adapter_info: Ioctl failed: -2
2026-09-16T08:23:58.290224+01:00 11LSZbook kernel: EXT4-fs (sde): unmounting filesystem b5ab0d4c-5f1e-4965-94e7-acda07f4b1d2.
2026-09-16T08:23:58.810210+01:00 11LSZbook kernel: EXT4-fs (sdf): unmounting filesystem de62f83d-5d77-47ad-99f0-fe1303dbf4a4.
2026-09-16T08:36:58.870345+01:00 11LSZbook kernel: EXT4-fs (sdf): mounted filesystem de62f83d-5d77-47ad-99f0-fe1303dbf4a4 r/w with ordered data mode. Quota mode: none.
2026-09-16T08:36:59.118730+01:00 11LSZbook kernel: misc dxg: dxgk: dxgkio_is_feature_enabled: Ioctl failed: -22
2026-09-16T08:36:59.118758+01:00 11LSZbook kernel: misc dxg: dxgk: dxgkio_query_adapter_info: Ioctl failed: -22
2026-09-16T08:36:59.122198+01:00 11LSZbook kernel: message repeated 2 times: [ misc dxg: dxgk: dxgkio_query_adapter_info: Ioctl failed: -22]
2026-09-16T08:36:59.122206+01:00 11LSZbook kernel: misc dxg: dxgk: dxgkio_query_adapter_info: Ioctl failed: -2
2026-09-16T08:36:59.122238+01:00 11LSZbook kernel: misc dxg: dxgk: dxgkio_query_adapter_info: Ioctl failed: -22
2026-09-16T08:36:59.126180+01:00 11LSZbook kernel: message repeated 2 times: [ misc dxg: dxgk: dxgkio_query_adapter_info: Ioctl failed: -22]
2026-09-16T08:36:59.126180+01:00 11LSZbook kernel: misc dxg: dxgk: dxgkio_query_adapter_info: Ioctl failed: -2
2026-09-16T08:36:59.206196+01:00 11LSZbook kernel: EXT4-fs (sde): mounted filesystem b5ab0d4c-5f1e-4965-94e7-acda07f4b1d2 r/w with ordered data mode. Quota mode: none.
2026-09-16T08:36:59.478705+01:00 11LSZbook kernel: misc dxg: dxgk: dxgkio_is_feature_enabled: Ioctl failed: -22
2026-09-16T08:36:59.478740+01:00 11LSZbook kernel: misc dxg: dxgk: dxgkio_query_adapter_info: Ioctl failed: -22
2026-09-16T08:36:59.482216+01:00 11LSZbook kernel: message repeated 2 times: [ misc dxg: dxgk: dxgkio_query_adapter_info: Ioctl failed: -22]
2026-09-16T08:36:59.482216+01:00 11LSZbook kernel: misc dxg: dxgk: dxgkio_query_adapter_info: Ioctl failed: -2
2026-09-16T08:36:59.486795+01:00 11LSZbook kernel: misc dxg: dxgk: dxgkio_query_adapter_info: Ioctl failed: -22
2026-09-16T08:36:59.486824+01:00 11LSZbook kernel: message repeated 2 times: [ misc dxg: dxgk: dxgkio_query_adapter_info: Ioctl failed: -22]
2026-09-16T08:36:59.486825+01:00 11LSZbook kernel: misc dxg: dxgk: dxgkio_query_adapter_info: Ioctl failed: -2
2026-09-16T08:37:14.218293+01:00 11LSZbook kernel: EXT4-fs (sdf): unmounting filesystem de62f83d-5d77-47ad-99f0-fe1303dbf4a4.
2026-09-16T08:37:14.430267+01:00 11LSZbook kernel: EXT4-fs (sde): unmounting filesystem b5ab0d4c-5f1e-4965-94e7-acda07f4b1d2.
2026-09-16T08:40:49.454271+01:00 11LSZbook kernel: scsi 0:0:0:6: Direct-Access     Msft     Virtual Disk     1.0  PQ: 0 ANSI: 5
2026-09-16T08:40:49.462163+01:00 11LSZbook kernel: EXT4-fs (sde): mounted filesystem b5ab0d4c-5f1e-4965-94e7-acda07f4b1d2 r/w with ordered data mode. Quota mode: none.
2026-09-16T08:40:49.470232+01:00 11LSZbook kernel: sd 0:0:0:6: Attached scsi generic sg6 type 0
2026-09-16T08:40:49.470256+01:00 11LSZbook kernel: sd 0:0:0:6: [sdg] 2147483648 512-byte logical blocks: (1.10 TB/1.00 TiB)
2026-09-16T08:40:49.470258+01:00 11LSZbook kernel: sd 0:0:0:6: [sdg] 4096-byte physical blocks
2026-09-16T08:40:49.470258+01:00 11LSZbook kernel: sd 0:0:0:6: [sdg] Write Protect is off
2026-09-16T08:40:49.470259+01:00 11LSZbook kernel: sd 0:0:0:6: [sdg] Mode Sense: 0f 00 00 00
2026-09-16T08:40:49.470260+01:00 11LSZbook kernel: sd 0:0:0:6: [sdg] Write cache: enabled, read cache: enabled, doesn't support DPO or FUA
2026-09-16T08:40:49.510197+01:00 11LSZbook kernel: sd 0:0:0:6: [sdg] Attached SCSI disk
2026-09-16T08:40:49.730350+01:00 11LSZbook kernel: misc dxg: dxgk: dxgkio_is_feature_enabled: Ioctl failed: -22
2026-09-16T08:40:49.730379+01:00 11LSZbook kernel: misc dxg: dxgk: dxgkio_query_adapter_info: Ioctl failed: -22
2026-09-16T08:40:49.734995+01:00 11LSZbook kernel: message repeated 2 times: [ misc dxg: dxgk: dxgkio_query_adapter_info: Ioctl failed: -22]
2026-09-16T08:40:49.735005+01:00 11LSZbook kernel: misc dxg: dxgk: dxgkio_query_adapter_info: Ioctl failed: -2
2026-09-16T08:40:49.735048+01:00 11LSZbook kernel: misc dxg: dxgk: dxgkio_query_adapter_info: Ioctl failed: -22
2026-09-16T08:40:49.738246+01:00 11LSZbook kernel: message repeated 2 times: [ misc dxg: dxgk: dxgkio_query_adapter_info: Ioctl failed: -22]
2026-09-16T08:40:49.738247+01:00 11LSZbook kernel: misc dxg: dxgk: dxgkio_query_adapter_info: Ioctl failed: -2
2026-09-16T08:40:49.938249+01:00 11LSZbook kernel: EXT4-fs (sdg): recovery complete
2026-09-16T08:40:49.938271+01:00 11LSZbook kernel: EXT4-fs (sdg): mounted filesystem 324e0566-2a15-409f-a440-3c600cdbfb3f r/w with ordered data mode. Quota mode: none.
2026-09-16T08:40:49.990186+01:00 11LSZbook kernel: loop0: detected capacity change from 0 to 1526420
2026-09-16T08:40:49.990207+01:00 11LSZbook kernel: ISO 9660 Extensions: Microsoft Joliet Level 3
2026-09-16T08:40:49.994191+01:00 11LSZbook kernel: ISO 9660 Extensions: RRIP_1991A
2026-09-16T08:40:50.074261+01:00 11LSZbook kernel: loop1: detected capacity change from 0 to 1488624
2026-09-16T08:40:50.074300+01:00 11LSZbook kernel: ISO 9660 Extensions: RRIP_1991A
2026-09-16T08:40:50.390181+01:00 11LSZbook kernel: netlink: 'initd': attribute type 4 has an invalid length.
2026-09-16T08:40:50.519077+01:00 11LSZbook kernel: virtiofs: Unknown parameter 'negative_dentry_timeout'
2026-09-16T08:40:50.899092+01:00 11LSZbook kernel: EXT4-fs (sdf): mounted filesystem de62f83d-5d77-47ad-99f0-fe1303dbf4a4 r/w with ordered data mode. Quota mode: none.
2026-09-16T08:40:50.996374+01:00 11LSZbook kernel: NOTICE: Automounting of tracing to debugfs is deprecated and will be removed in 2030
2026-09-16T08:40:51.235663+01:00 11LSZbook kernel: misc dxg: dxgk: dxgkio_is_feature_enabled: Ioctl failed: -22
2026-09-16T08:40:51.235706+01:00 11LSZbook kernel: misc dxg: dxgk: dxgkio_query_adapter_info: Ioctl failed: -22
2026-09-16T08:40:51.239101+01:00 11LSZbook kernel: message repeated 2 times: [ misc dxg: dxgk: dxgkio_query_adapter_info: Ioctl failed: -22]
2026-09-16T08:40:51.239102+01:00 11LSZbook kernel: misc dxg: dxgk: dxgkio_query_adapter_info: Ioctl failed: -2
2026-09-16T08:40:51.243714+01:00 11LSZbook kernel: misc dxg: dxgk: dxgkio_query_adapter_info: Ioctl failed: -22
2026-09-16T08:40:51.243775+01:00 11LSZbook kernel: message repeated 2 times: [ misc dxg: dxgk: dxgkio_query_adapter_info: Ioctl failed: -22]
2026-09-16T08:40:51.243776+01:00 11LSZbook kernel: misc dxg: dxgk: dxgkio_query_adapter_info: Ioctl failed: -2
2026-09-16T08:40:52.535074+01:00 11LSZbook kernel: loop2: detected capacity change from 0 to 8
2026-09-16T08:41:00.279091+01:00 11LSZbook kernel: docker0: port 1(veth377560c) entered blocking state
2026-09-16T08:41:00.279121+01:00 11LSZbook kernel: docker0: port 1(veth377560c) entered disabled state
2026-09-16T08:41:00.279122+01:00 11LSZbook kernel: veth377560c: entered allmulticast mode
2026-09-16T08:41:00.279122+01:00 11LSZbook kernel: veth377560c: entered promiscuous mode
2026-09-16T08:41:00.283146+01:00 11LSZbook kernel: eth0: renamed from veth72d156e
2026-09-16T08:41:00.287053+01:00 11LSZbook kernel: docker0: port 1(veth377560c) entered blocking state
2026-09-16T08:41:00.287077+01:00 11LSZbook kernel: docker0: port 1(veth377560c) entered forwarding state
2026-09-16T08:41:04.463150+01:00 11LSZbook kernel: docker0: port 1(veth377560c) entered disabled state
2026-09-16T08:41:04.463202+01:00 11LSZbook kernel: veth72d156e: renamed from eth0
2026-09-16T08:41:04.511331+01:00 11LSZbook kernel: docker0: port 1(veth377560c) entered disabled state
2026-09-16T08:41:04.511375+01:00 11LSZbook kernel: veth377560c (unregistering): left allmulticast mode
2026-09-16T08:41:04.511378+01:00 11LSZbook kernel: veth377560c (unregistering): left promiscuous mode
2026-09-16T08:41:04.511379+01:00 11LSZbook kernel: docker0: port 1(veth377560c) entered disabled state
2026-09-16T08:41:07.647071+01:00 11LSZbook kernel: docker0: port 1(vethd762548) entered blocking state
2026-09-16T08:41:07.647095+01:00 11LSZbook kernel: docker0: port 1(vethd762548) entered disabled state
2026-09-16T08:41:07.647096+01:00 11LSZbook kernel: vethd762548: entered allmulticast mode
2026-09-16T08:41:07.647096+01:00 11LSZbook kernel: vethd762548: entered promiscuous mode
2026-09-16T08:41:07.651039+01:00 11LSZbook kernel: eth0: renamed from veth8b4f945
2026-09-16T08:41:07.655208+01:00 11LSZbook kernel: docker0: port 1(vethd762548) entered blocking state
2026-09-16T08:41:07.655247+01:00 11LSZbook kernel: docker0: port 1(vethd762548) entered forwarding state
2026-09-16T08:41:10.479075+01:00 11LSZbook kernel: docker0: port 2(veth19f2b0c) entered blocking state
2026-09-16T08:41:10.479094+01:00 11LSZbook kernel: docker0: port 2(veth19f2b0c) entered disabled state
2026-09-16T08:41:10.479095+01:00 11LSZbook kernel: veth19f2b0c: entered allmulticast mode
2026-09-16T08:41:10.479096+01:00 11LSZbook kernel: veth19f2b0c: entered promiscuous mode
2026-09-16T08:41:10.483176+01:00 11LSZbook kernel: eth0: renamed from veth806ca8e
2026-09-16T08:41:10.483217+01:00 11LSZbook kernel: docker0: port 2(veth19f2b0c) entered blocking state
2026-09-16T08:41:10.483218+01:00 11LSZbook kernel: docker0: port 2(veth19f2b0c) entered forwarding state
2026-09-16T08:41:11.231142+01:00 11LSZbook kernel: docker0: port 1(vethd762548) entered disabled state
2026-09-16T08:41:11.231176+01:00 11LSZbook kernel: veth8b4f945: renamed from eth0
2026-09-16T08:41:11.283117+01:00 11LSZbook kernel: docker0: port 1(vethd762548) entered disabled state
2026-09-16T08:41:11.283165+01:00 11LSZbook kernel: vethd762548 (unregistering): left allmulticast mode
2026-09-16T08:41:11.283166+01:00 11LSZbook kernel: vethd762548 (unregistering): left promiscuous mode
2026-09-16T08:41:11.283166+01:00 11LSZbook kernel: docker0: port 1(vethd762548) entered disabled state
2026-09-16T08:41:13.471107+01:00 11LSZbook kernel: docker0: port 1(vethdbc32ce) entered blocking state
2026-09-16T08:41:13.471127+01:00 11LSZbook kernel: docker0: port 1(vethdbc32ce) entered disabled state
2026-09-16T08:41:13.471127+01:00 11LSZbook kernel: vethdbc32ce: entered allmulticast mode
2026-09-16T08:41:13.471128+01:00 11LSZbook kernel: vethdbc32ce: entered promiscuous mode
2026-09-16T08:41:13.475088+01:00 11LSZbook kernel: eth0: renamed from veth2a3ad33
2026-09-16T08:41:13.479279+01:00 11LSZbook kernel: docker0: port 1(vethdbc32ce) entered blocking state
2026-09-16T08:41:13.479303+01:00 11LSZbook kernel: docker0: port 1(vethdbc32ce) entered forwarding state
2026-09-16T08:41:14.023136+01:00 11LSZbook kernel: docker0: port 2(veth19f2b0c) entered disabled state
2026-09-16T08:41:14.023170+01:00 11LSZbook kernel: veth806ca8e: renamed from eth0
2026-09-16T08:41:14.059145+01:00 11LSZbook kernel: docker0: port 2(veth19f2b0c) entered disabled state
2026-09-16T08:41:14.059167+01:00 11LSZbook kernel: veth19f2b0c (unregistering): left allmulticast mode
2026-09-16T08:41:14.059168+01:00 11LSZbook kernel: veth19f2b0c (unregistering): left promiscuous mode
2026-09-16T08:41:14.059169+01:00 11LSZbook kernel: docker0: port 2(veth19f2b0c) entered disabled state
2026-09-16T08:41:17.007238+01:00 11LSZbook kernel: docker0: port 1(vethdbc32ce) entered disabled state
2026-09-16T08:41:17.007296+01:00 11LSZbook kernel: veth2a3ad33: renamed from eth0
2026-09-16T08:41:17.051194+01:00 11LSZbook kernel: docker0: port 1(vethdbc32ce) entered disabled state
2026-09-16T08:41:17.051234+01:00 11LSZbook kernel: vethdbc32ce (unregistering): left allmulticast mode
2026-09-16T08:41:17.051237+01:00 11LSZbook kernel: vethdbc32ce (unregistering): left promiscuous mode
2026-09-16T08:41:17.051250+01:00 11LSZbook kernel: docker0: port 1(vethdbc32ce) entered disabled state
2026-09-16T08:41:47.533440+01:00 11LSZbook kernel: mini_init (205): drop_caches: 1
2026-09-16T08:42:46.964114+01:00 11LSZbook kernel: device offline error, dev sdg, sector 0 op 0x1:(WRITE) flags 0x800 phys_seg 0 prio class 2
2026-09-16T08:42:46.972155+01:00 11LSZbook kernel: device offline error, dev sdg, sector 0 op 0x1:(WRITE) flags 0x800 phys_seg 0 prio class 2
2026-09-16T08:42:47.044221+01:00 11LSZbook kernel: EXT4-fs (sdg): shut down requested (2)
2026-09-16T08:42:47.044251+01:00 11LSZbook kernel: Aborting journal on device sdg-8.
2026-09-16T08:42:47.050357+01:00 11LSZbook kernel: device offline error, dev sdg, sector 1073479680 op 0x1:(WRITE) flags 0x9800 phys_seg 1 prio class 2
2026-09-16T08:42:47.050386+01:00 11LSZbook kernel: device offline error, dev sdg, sector 1073479680 op 0x1:(WRITE) flags 0x9800 phys_seg 1 prio class 2
2026-09-16T08:42:47.050389+01:00 11LSZbook kernel: Buffer I/O error on dev sdg, logical block 134184960, lost sync page write
2026-09-16T08:42:47.050395+01:00 11LSZbook kernel: JBD2: I/O error when updating journal superblock for sdg-8.
2026-09-16T08:42:47.100080+01:00 11LSZbook kernel: sd 0:0:0:6: [sdg] Synchronizing SCSI cache
2026-09-16T08:42:47.712158+01:00 11LSZbook kernel: I/O error, dev loop0, sector 112 op 0x0:(READ) flags 0x0 phys_seg 1 prio class 2
2026-09-16T08:42:47.728099+01:00 11LSZbook kernel: I/O error, dev loop0, sector 112 op 0x0:(READ) flags 0x0 phys_seg 1 prio class 2
2026-09-16T08:43:03.192131+01:00 11LSZbook kernel: EXT4-fs (sdg): unmounting filesystem 324e0566-2a15-409f-a440-3c600cdbfb3f.
2026-09-16T08:43:03.196080+01:00 11LSZbook kernel: EXT4-fs (sde): unmounting filesystem b5ab0d4c-5f1e-4965-94e7-acda07f4b1d2.
2026-09-16T08:43:03.320079+01:00 11LSZbook kernel: EXT4-fs (sdf): unmounting filesystem de62f83d-5d77-47ad-99f0-fe1303dbf4a4.
2026-09-16T08:58:10.756155+01:00 11LSZbook kernel: EXT4-fs (sde): mounted filesystem b5ab0d4c-5f1e-4965-94e7-acda07f4b1d2 r/w with ordered data mode. Quota mode: none.
2026-09-16T08:58:11.308042+01:00 11LSZbook kernel: EXT4-fs (sdf): mounted filesystem de62f83d-5d77-47ad-99f0-fe1303dbf4a4 r/w with ordered data mode. Quota mode: none.
2026-09-16T08:58:11.416095+01:00 11LSZbook kernel: misc dxg: dxgk: dxgkio_is_feature_enabled: Ioctl failed: -22
2026-09-16T08:58:11.420392+01:00 11LSZbook kernel: misc dxg: dxgk: dxgkio_query_adapter_info: Ioctl failed: -22
2026-09-16T08:58:11.424639+01:00 11LSZbook kernel: message repeated 2 times: [ misc dxg: dxgk: dxgkio_query_adapter_info: Ioctl failed: -22]
2026-09-16T08:58:11.424650+01:00 11LSZbook kernel: misc dxg: dxgk: dxgkio_query_adapter_info: Ioctl failed: -2
2026-09-16T08:58:11.424697+01:00 11LSZbook kernel: misc dxg: dxgk: dxgkio_query_adapter_info: Ioctl failed: -22
2026-09-16T08:58:11.428090+01:00 11LSZbook kernel: message repeated 2 times: [ misc dxg: dxgk: dxgkio_query_adapter_info: Ioctl failed: -22]
2026-09-16T08:58:11.428091+01:00 11LSZbook kernel: misc dxg: dxgk: dxgkio_query_adapter_info: Ioctl failed: -2
2026-09-16T08:58:11.584137+01:00 11LSZbook kernel: misc dxg: dxgk: dxgkio_is_feature_enabled: Ioctl failed: -22
2026-09-16T08:58:11.584162+01:00 11LSZbook kernel: misc dxg: dxgk: dxgkio_query_adapter_info: Ioctl failed: -22
2026-09-16T08:58:11.588290+01:00 11LSZbook kernel: message repeated 2 times: [ misc dxg: dxgk: dxgkio_query_adapter_info: Ioctl failed: -22]
2026-09-16T08:58:11.588299+01:00 11LSZbook kernel: misc dxg: dxgk: dxgkio_query_adapter_info: Ioctl failed: -2
2026-09-16T08:58:11.588328+01:00 11LSZbook kernel: misc dxg: dxgk: dxgkio_query_adapter_info: Ioctl failed: -22
2026-09-16T08:58:11.592064+01:00 11LSZbook kernel: message repeated 2 times: [ misc dxg: dxgk: dxgkio_query_adapter_info: Ioctl failed: -22]
2026-09-16T08:58:11.592074+01:00 11LSZbook kernel: misc dxg: dxgk: dxgkio_query_adapter_info: Ioctl failed: -2
2026-09-16T08:58:26.296060+01:00 11LSZbook kernel: EXT4-fs (sde): unmounting filesystem b5ab0d4c-5f1e-4965-94e7-acda07f4b1d2.
2026-09-16T08:58:26.688511+01:00 11LSZbook kernel: EXT4-fs (sdf): unmounting filesystem de62f83d-5d77-47ad-99f0-fe1303dbf4a4.
2026-09-16T08:59:14.272165+01:00 11LSZbook kernel: EXT4-fs (sde): mounted filesystem b5ab0d4c-5f1e-4965-94e7-acda07f4b1d2 r/w with ordered data mode. Quota mode: none.
2026-09-16T08:59:14.480076+01:00 11LSZbook kernel: EXT4-fs (sdf): mounted filesystem de62f83d-5d77-47ad-99f0-fe1303dbf4a4 r/w with ordered data mode. Quota mode: none.
2026-09-16T08:59:14.528317+01:00 11LSZbook kernel: misc dxg: dxgk: dxgkio_is_feature_enabled: Ioctl failed: -22
2026-09-16T08:59:14.528369+01:00 11LSZbook kernel: misc dxg: dxgk: dxgkio_query_adapter_info: Ioctl failed: -22
2026-09-16T08:59:14.532083+01:00 11LSZbook kernel: message repeated 2 times: [ misc dxg: dxgk: dxgkio_query_adapter_info: Ioctl failed: -22]
2026-09-16T08:59:14.532094+01:00 11LSZbook kernel: misc dxg: dxgk: dxgkio_query_adapter_info: Ioctl failed: -2
2026-09-16T08:59:14.532138+01:00 11LSZbook kernel: misc dxg: dxgk: dxgkio_query_adapter_info: Ioctl failed: -22
2026-09-16T08:59:14.536043+01:00 11LSZbook kernel: message repeated 2 times: [ misc dxg: dxgk: dxgkio_query_adapter_info: Ioctl failed: -22]
2026-09-16T08:59:14.536052+01:00 11LSZbook kernel: misc dxg: dxgk: dxgkio_query_adapter_info: Ioctl failed: -2
2026-09-16T08:59:14.712587+01:00 11LSZbook kernel: misc dxg: dxgk: dxgkio_is_feature_enabled: Ioctl failed: -22
2026-09-16T08:59:14.712616+01:00 11LSZbook kernel: misc dxg: dxgk: dxgkio_query_adapter_info: Ioctl failed: -22
2026-09-16T08:59:14.716601+01:00 11LSZbook kernel: message repeated 2 times: [ misc dxg: dxgk: dxgkio_query_adapter_info: Ioctl failed: -22]
2026-09-16T08:59:14.716610+01:00 11LSZbook kernel: misc dxg: dxgk: dxgkio_query_adapter_info: Ioctl failed: -2
2026-09-16T08:59:14.716650+01:00 11LSZbook kernel: misc dxg: dxgk: dxgkio_query_adapter_info: Ioctl failed: -22
2026-09-16T08:59:14.720098+01:00 11LSZbook kernel: message repeated 2 times: [ misc dxg: dxgk: dxgkio_query_adapter_info: Ioctl failed: -22]
2026-09-16T08:59:14.720109+01:00 11LSZbook kernel: misc dxg: dxgk: dxgkio_query_adapter_info: Ioctl failed: -2
2026-09-16T08:59:44.472099+01:00 11LSZbook kernel: EXT4-fs (sde): unmounting filesystem b5ab0d4c-5f1e-4965-94e7-acda07f4b1d2.
2026-09-16T08:59:44.768150+01:00 11LSZbook kernel: EXT4-fs (sdf): unmounting filesystem de62f83d-5d77-47ad-99f0-fe1303dbf4a4.
2026-09-16T09:08:42.068080+01:00 11LSZbook kernel: EXT4-fs (sdf): mounted filesystem de62f83d-5d77-47ad-99f0-fe1303dbf4a4 r/w with ordered data mode. Quota mode: none.
2026-09-16T09:08:42.344602+01:00 11LSZbook kernel: misc dxg: dxgk: dxgkio_is_feature_enabled: Ioctl failed: -22
2026-09-16T09:08:42.344646+01:00 11LSZbook kernel: misc dxg: dxgk: dxgkio_query_adapter_info: Ioctl failed: -22
2026-09-16T09:08:42.348099+01:00 11LSZbook kernel: message repeated 2 times: [ misc dxg: dxgk: dxgkio_query_adapter_info: Ioctl failed: -22]
2026-09-16T09:08:42.348109+01:00 11LSZbook kernel: misc dxg: dxgk: dxgkio_query_adapter_info: Ioctl failed: -2
2026-09-16T09:08:42.352208+01:00 11LSZbook kernel: misc dxg: dxgk: dxgkio_query_adapter_info: Ioctl failed: -22
2026-09-16T09:08:42.352258+01:00 11LSZbook kernel: message repeated 2 times: [ misc dxg: dxgk: dxgkio_query_adapter_info: Ioctl failed: -22]
2026-09-16T09:08:42.352259+01:00 11LSZbook kernel: misc dxg: dxgk: dxgkio_query_adapter_info: Ioctl failed: -2
2026-09-16T09:08:42.424079+01:00 11LSZbook kernel: EXT4-fs (sde): mounted filesystem b5ab0d4c-5f1e-4965-94e7-acda07f4b1d2 r/w with ordered data mode. Quota mode: none.
2026-09-16T09:08:42.704263+01:00 11LSZbook kernel: misc dxg: dxgk: dxgkio_is_feature_enabled: Ioctl failed: -22
2026-09-16T09:08:42.704292+01:00 11LSZbook kernel: misc dxg: dxgk: dxgkio_query_adapter_info: Ioctl failed: -22
2026-09-16T09:08:42.708061+01:00 11LSZbook kernel: message repeated 2 times: [ misc dxg: dxgk: dxgkio_query_adapter_info: Ioctl failed: -22]
2026-09-16T09:08:42.708069+01:00 11LSZbook kernel: misc dxg: dxgk: dxgkio_query_adapter_info: Ioctl failed: -2
2026-09-16T09:08:42.712190+01:00 11LSZbook kernel: misc dxg: dxgk: dxgkio_query_adapter_info: Ioctl failed: -22
2026-09-16T09:08:42.712223+01:00 11LSZbook kernel: message repeated 2 times: [ misc dxg: dxgk: dxgkio_query_adapter_info: Ioctl failed: -22]
2026-09-16T09:08:42.712224+01:00 11LSZbook kernel: misc dxg: dxgk: dxgkio_query_adapter_info: Ioctl failed: -2
2026-09-16T09:08:57.452185+01:00 11LSZbook kernel: EXT4-fs (sdf): unmounting filesystem de62f83d-5d77-47ad-99f0-fe1303dbf4a4.
2026-09-16T09:08:57.628128+01:00 11LSZbook kernel: EXT4-fs (sde): unmounting filesystem b5ab0d4c-5f1e-4965-94e7-acda07f4b1d2.
2026-09-16T09:09:03.400075+01:00 11LSZbook kernel: EXT4-fs (sde): mounted filesystem b5ab0d4c-5f1e-4965-94e7-acda07f4b1d2 r/w with ordered data mode. Quota mode: none.
2026-09-16T09:09:03.624064+01:00 11LSZbook kernel: EXT4-fs (sdf): mounted filesystem de62f83d-5d77-47ad-99f0-fe1303dbf4a4 r/w with ordered data mode. Quota mode: none.
2026-09-16T09:09:03.680926+01:00 11LSZbook kernel: misc dxg: dxgk: dxgkio_is_feature_enabled: Ioctl failed: -22
2026-09-16T09:09:03.680987+01:00 11LSZbook kernel: misc dxg: dxgk: dxgkio_query_adapter_info: Ioctl failed: -22
2026-09-16T09:09:03.680994+01:00 11LSZbook kernel: message repeated 2 times: [ misc dxg: dxgk: dxgkio_query_adapter_info: Ioctl failed: -22]
2026-09-16T09:09:03.684620+01:00 11LSZbook kernel: misc dxg: dxgk: dxgkio_query_adapter_info: Ioctl failed: -2
2026-09-16T09:09:03.684674+01:00 11LSZbook kernel: misc dxg: dxgk: dxgkio_query_adapter_info: Ioctl failed: -22
2026-09-16T09:09:03.688193+01:00 11LSZbook kernel: message repeated 2 times: [ misc dxg: dxgk: dxgkio_query_adapter_info: Ioctl failed: -22]
2026-09-16T09:09:03.688194+01:00 11LSZbook kernel: misc dxg: dxgk: dxgkio_query_adapter_info: Ioctl failed: -2
2026-09-16T09:09:03.868033+01:00 11LSZbook kernel: misc dxg: dxgk: dxgkio_is_feature_enabled: Ioctl failed: -22
2026-09-16T09:09:03.872069+01:00 11LSZbook kernel: misc dxg: dxgk: dxgkio_query_adapter_info: Ioctl failed: -22
2026-09-16T09:09:03.872099+01:00 11LSZbook kernel: message repeated 2 times: [ misc dxg: dxgk: dxgkio_query_adapter_info: Ioctl failed: -22]
2026-09-16T09:09:03.872099+01:00 11LSZbook kernel: misc dxg: dxgk: dxgkio_query_adapter_info: Ioctl failed: -2
2026-09-16T09:09:03.876526+01:00 11LSZbook kernel: misc dxg: dxgk: dxgkio_query_adapter_info: Ioctl failed: -22
2026-09-16T09:09:03.876551+01:00 11LSZbook kernel: message repeated 2 times: [ misc dxg: dxgk: dxgkio_query_adapter_info: Ioctl failed: -22]
2026-09-16T09:09:03.876553+01:00 11LSZbook kernel: misc dxg: dxgk: dxgkio_query_adapter_info: Ioctl failed: -2
2026-09-16T09:09:18.608109+01:00 11LSZbook kernel: EXT4-fs (sde): unmounting filesystem b5ab0d4c-5f1e-4965-94e7-acda07f4b1d2.
2026-09-16T09:09:18.940057+01:00 11LSZbook kernel: EXT4-fs (sdf): unmounting filesystem de62f83d-5d77-47ad-99f0-fe1303dbf4a4.
2026-09-16T09:17:58.628158+01:00 11LSZbook kernel: EXT4-fs (sde): mounted filesystem b5ab0d4c-5f1e-4965-94e7-acda07f4b1d2 r/w with ordered data mode. Quota mode: none.
2026-09-16T09:17:58.920074+01:00 11LSZbook kernel: EXT4-fs (sdf): mounted filesystem de62f83d-5d77-47ad-99f0-fe1303dbf4a4 r/w with ordered data mode. Quota mode: none.
2026-09-16T09:17:59.000319+01:00 11LSZbook kernel: misc dxg: dxgk: dxgkio_is_feature_enabled: Ioctl failed: -22
2026-09-16T09:17:59.000374+01:00 11LSZbook kernel: misc dxg: dxgk: dxgkio_query_adapter_info: Ioctl failed: -22
2026-09-16T09:17:59.000383+01:00 11LSZbook kernel: message repeated 2 times: [ misc dxg: dxgk: dxgkio_query_adapter_info: Ioctl failed: -22]
2026-09-16T09:17:59.004320+01:00 11LSZbook kernel: misc dxg: dxgk: dxgkio_query_adapter_info: Ioctl failed: -2
2026-09-16T09:17:59.004378+01:00 11LSZbook kernel: misc dxg: dxgk: dxgkio_query_adapter_info: Ioctl failed: -22
2026-09-16T09:17:59.008066+01:00 11LSZbook kernel: message repeated 2 times: [ misc dxg: dxgk: dxgkio_query_adapter_info: Ioctl failed: -22]
2026-09-16T09:17:59.008076+01:00 11LSZbook kernel: misc dxg: dxgk: dxgkio_query_adapter_info: Ioctl failed: -2
2026-09-16T09:17:59.216108+01:00 11LSZbook kernel: misc dxg: dxgk: dxgkio_is_feature_enabled: Ioctl failed: -22
2026-09-16T09:17:59.220061+01:00 11LSZbook kernel: misc dxg: dxgk: dxgkio_query_adapter_info: Ioctl failed: -22
2026-09-16T09:17:59.220128+01:00 11LSZbook kernel: message repeated 2 times: [ misc dxg: dxgk: dxgkio_query_adapter_info: Ioctl failed: -22]
2026-09-16T09:17:59.224306+01:00 11LSZbook kernel: misc dxg: dxgk: dxgkio_query_adapter_info: Ioctl failed: -2
2026-09-16T09:17:59.224338+01:00 11LSZbook kernel: misc dxg: dxgk: dxgkio_query_adapter_info: Ioctl failed: -22
2026-09-16T09:17:59.228076+01:00 11LSZbook kernel: message repeated 2 times: [ misc dxg: dxgk: dxgkio_query_adapter_info: Ioctl failed: -22]
2026-09-16T09:17:59.228086+01:00 11LSZbook kernel: misc dxg: dxgk: dxgkio_query_adapter_info: Ioctl failed: -2
2026-09-16T09:18:13.896016+01:00 11LSZbook kernel: EXT4-fs (sde): unmounting filesystem b5ab0d4c-5f1e-4965-94e7-acda07f4b1d2.
2026-09-16T09:18:14.280117+01:00 11LSZbook kernel: EXT4-fs (sdf): unmounting filesystem de62f83d-5d77-47ad-99f0-fe1303dbf4a4.
2026-09-16T09:27:53.164185+01:00 11LSZbook kernel: EXT4-fs (sde): mounted filesystem b5ab0d4c-5f1e-4965-94e7-acda07f4b1d2 r/w with ordered data mode. Quota mode: none.
2026-09-16T09:27:53.504074+01:00 11LSZbook kernel: EXT4-fs (sdf): mounted filesystem de62f83d-5d77-47ad-99f0-fe1303dbf4a4 r/w with ordered data mode. Quota mode: none.
2026-09-16T09:27:53.592532+01:00 11LSZbook kernel: misc dxg: dxgk: dxgkio_is_feature_enabled: Ioctl failed: -22
2026-09-16T09:27:53.592594+01:00 11LSZbook kernel: misc dxg: dxgk: dxgkio_query_adapter_info: Ioctl failed: -22
2026-09-16T09:27:53.596698+01:00 11LSZbook kernel: message repeated 2 times: [ misc dxg: dxgk: dxgkio_query_adapter_info: Ioctl failed: -22]
2026-09-16T09:27:53.600421+01:00 11LSZbook kernel: misc dxg: dxgk: dxgkio_query_adapter_info: Ioctl failed: -2
2026-09-16T09:27:53.604779+01:00 11LSZbook kernel: misc dxg: dxgk: dxgkio_query_adapter_info: Ioctl failed: -22
2026-09-16T09:27:53.604842+01:00 11LSZbook kernel: message repeated 2 times: [ misc dxg: dxgk: dxgkio_query_adapter_info: Ioctl failed: -22]
2026-09-16T09:27:53.608217+01:00 11LSZbook kernel: misc dxg: dxgk: dxgkio_query_adapter_info: Ioctl failed: -2
2026-09-16T09:27:53.900537+01:00 11LSZbook kernel: misc dxg: dxgk: dxgkio_is_feature_enabled: Ioctl failed: -22
2026-09-16T09:27:53.900600+01:00 11LSZbook kernel: misc dxg: dxgk: dxgkio_query_adapter_info: Ioctl failed: -22
2026-09-16T09:27:53.904110+01:00 11LSZbook kernel: message repeated 2 times: [ misc dxg: dxgk: dxgkio_query_adapter_info: Ioctl failed: -22]
2026-09-16T09:27:53.904111+01:00 11LSZbook kernel: misc dxg: dxgk: dxgkio_query_adapter_info: Ioctl failed: -2
2026-09-16T09:27:53.908316+01:00 11LSZbook kernel: misc dxg: dxgk: dxgkio_query_adapter_info: Ioctl failed: -22
2026-09-16T09:27:53.908362+01:00 11LSZbook kernel: message repeated 2 times: [ misc dxg: dxgk: dxgkio_query_adapter_info: Ioctl failed: -22]
2026-09-16T09:27:53.908364+01:00 11LSZbook kernel: misc dxg: dxgk: dxgkio_query_adapter_info: Ioctl failed: -2
2026-09-16T09:28:08.464109+01:00 11LSZbook kernel: EXT4-fs (sde): unmounting filesystem b5ab0d4c-5f1e-4965-94e7-acda07f4b1d2.
2026-09-16T09:28:08.972185+01:00 11LSZbook kernel: EXT4-fs (sdf): unmounting filesystem de62f83d-5d77-47ad-99f0-fe1303dbf4a4.
2026-09-16T09:28:14.960152+01:00 11LSZbook kernel: EXT4-fs (sde): mounted filesystem b5ab0d4c-5f1e-4965-94e7-acda07f4b1d2 r/w with ordered data mode. Quota mode: none.
2026-09-16T09:28:15.164075+01:00 11LSZbook kernel: EXT4-fs (sdf): mounted filesystem de62f83d-5d77-47ad-99f0-fe1303dbf4a4 r/w with ordered data mode. Quota mode: none.
2026-09-16T09:28:15.216699+01:00 11LSZbook kernel: misc dxg: dxgk: dxgkio_is_feature_enabled: Ioctl failed: -22
2026-09-16T09:28:15.216746+01:00 11LSZbook kernel: misc dxg: dxgk: dxgkio_query_adapter_info: Ioctl failed: -22
2026-09-16T09:28:15.220055+01:00 11LSZbook kernel: message repeated 2 times: [ misc dxg: dxgk: dxgkio_query_adapter_info: Ioctl failed: -22]
2026-09-16T09:28:15.220065+01:00 11LSZbook kernel: misc dxg: dxgk: dxgkio_query_adapter_info: Ioctl failed: -2
2026-09-16T09:28:15.224030+01:00 11LSZbook kernel: misc dxg: dxgk: dxgkio_query_adapter_info: Ioctl failed: -22
2026-09-16T09:28:15.224062+01:00 11LSZbook kernel: message repeated 2 times: [ misc dxg: dxgk: dxgkio_query_adapter_info: Ioctl failed: -22]
2026-09-16T09:28:15.224063+01:00 11LSZbook kernel: misc dxg: dxgk: dxgkio_query_adapter_info: Ioctl failed: -2
2026-09-16T09:28:15.468131+01:00 11LSZbook kernel: misc dxg: dxgk: dxgkio_is_feature_enabled: Ioctl failed: -22
2026-09-16T09:28:15.472407+01:00 11LSZbook kernel: misc dxg: dxgk: dxgkio_query_adapter_info: Ioctl failed: -22
2026-09-16T09:28:15.472436+01:00 11LSZbook kernel: message repeated 2 times: [ misc dxg: dxgk: dxgkio_query_adapter_info: Ioctl failed: -22]
2026-09-16T09:28:15.472437+01:00 11LSZbook kernel: misc dxg: dxgk: dxgkio_query_adapter_info: Ioctl failed: -2
2026-09-16T09:28:15.476411+01:00 11LSZbook kernel: misc dxg: dxgk: dxgkio_query_adapter_info: Ioctl failed: -22
2026-09-16T09:28:15.476449+01:00 11LSZbook kernel: message repeated 2 times: [ misc dxg: dxgk: dxgkio_query_adapter_info: Ioctl failed: -22]
2026-09-16T09:28:15.476450+01:00 11LSZbook kernel: misc dxg: dxgk: dxgkio_query_adapter_info: Ioctl failed: -2
2026-09-16T09:28:30.148114+01:00 11LSZbook kernel: EXT4-fs (sde): unmounting filesystem b5ab0d4c-5f1e-4965-94e7-acda07f4b1d2.
2026-09-16T09:28:30.548221+01:00 11LSZbook kernel: EXT4-fs (sdf): unmounting filesystem de62f83d-5d77-47ad-99f0-fe1303dbf4a4.
2026-09-16T09:30:47.632103+01:00 11LSZbook kernel: EXT4-fs (sde): mounted filesystem b5ab0d4c-5f1e-4965-94e7-acda07f4b1d2 r/w with ordered data mode. Quota mode: none.
2026-09-16T09:30:47.892075+01:00 11LSZbook kernel: EXT4-fs (sdf): mounted filesystem de62f83d-5d77-47ad-99f0-fe1303dbf4a4 r/w with ordered data mode. Quota mode: none.
2026-09-16T09:30:47.960321+01:00 11LSZbook kernel: misc dxg: dxgk: dxgkio_is_feature_enabled: Ioctl failed: -22
2026-09-16T09:30:47.960366+01:00 11LSZbook kernel: misc dxg: dxgk: dxgkio_query_adapter_info: Ioctl failed: -22
2026-09-16T09:30:47.960373+01:00 11LSZbook kernel: message repeated 2 times: [ misc dxg: dxgk: dxgkio_query_adapter_info: Ioctl failed: -22]
2026-09-16T09:30:47.964050+01:00 11LSZbook kernel: misc dxg: dxgk: dxgkio_query_adapter_info: Ioctl failed: -2
2026-09-16T09:30:47.968089+01:00 11LSZbook kernel: misc dxg: dxgk: dxgkio_query_adapter_info: Ioctl failed: -22
2026-09-16T09:30:47.968136+01:00 11LSZbook kernel: message repeated 2 times: [ misc dxg: dxgk: dxgkio_query_adapter_info: Ioctl failed: -22]
2026-09-16T09:30:47.972248+01:00 11LSZbook kernel: misc dxg: dxgk: dxgkio_query_adapter_info: Ioctl failed: -2
2026-09-16T09:30:48.192426+01:00 11LSZbook kernel: misc dxg: dxgk: dxgkio_is_feature_enabled: Ioctl failed: -22
2026-09-16T09:30:48.192482+01:00 11LSZbook kernel: misc dxg: dxgk: dxgkio_query_adapter_info: Ioctl failed: -22
2026-09-16T09:30:48.196049+01:00 11LSZbook kernel: message repeated 2 times: [ misc dxg: dxgk: dxgkio_query_adapter_info: Ioctl failed: -22]
2026-09-16T09:30:48.196056+01:00 11LSZbook kernel: misc dxg: dxgk: dxgkio_query_adapter_info: Ioctl failed: -2
2026-09-16T09:30:48.196079+01:00 11LSZbook kernel: misc dxg: dxgk: dxgkio_query_adapter_info: Ioctl failed: -22
2026-09-16T09:30:48.200095+01:00 11LSZbook kernel: message repeated 2 times: [ misc dxg: dxgk: dxgkio_query_adapter_info: Ioctl failed: -22]
2026-09-16T09:30:48.200104+01:00 11LSZbook kernel: misc dxg: dxgk: dxgkio_query_adapter_info: Ioctl failed: -2
2026-09-16T09:31:17.892166+01:00 11LSZbook kernel: EXT4-fs (sde): unmounting filesystem b5ab0d4c-5f1e-4965-94e7-acda07f4b1d2.
2026-09-16T09:31:18.288170+01:00 11LSZbook kernel: EXT4-fs (sdf): unmounting filesystem de62f83d-5d77-47ad-99f0-fe1303dbf4a4.
2026-09-16T10:50:11.876182+01:00 11LSZbook kernel: EXT4-fs (sde): mounted filesystem b5ab0d4c-5f1e-4965-94e7-acda07f4b1d2 r/w with ordered data mode. Quota mode: none.
2026-09-16T11:04:33.645318+01:00 11LSZbook kernel: EXT4-fs (sdf): mounted filesystem de62f83d-5d77-47ad-99f0-fe1303dbf4a4 r/w with ordered data mode. Quota mode: none.
2026-09-16T11:04:33.938159+01:00 11LSZbook kernel: misc dxg: dxgk: dxgkio_is_feature_enabled: Ioctl failed: -22
2026-09-16T11:04:33.986327+01:00 11LSZbook kernel: misc dxg: dxgk: dxgkio_query_adapter_info: Ioctl failed: -22
2026-09-16T11:04:34.058271+01:00 11LSZbook kernel: message repeated 2 times: [ misc dxg: dxgk: dxgkio_query_adapter_info: Ioctl failed: -22]
2026-09-16T11:04:34.149261+01:00 11LSZbook kernel: misc dxg: dxgk: dxgkio_query_adapter_info: Ioctl failed: -2
2026-09-16T11:04:34.170915+01:00 11LSZbook kernel: misc dxg: dxgk: dxgkio_query_adapter_info: Ioctl failed: -22
2026-09-16T11:04:34.281284+01:00 11LSZbook kernel: message repeated 2 times: [ misc dxg: dxgk: dxgkio_query_adapter_info: Ioctl failed: -22]
2026-09-16T11:04:34.377233+01:00 11LSZbook kernel: misc dxg: dxgk: dxgkio_query_adapter_info: Ioctl failed: -2
2026-09-16T11:04:36.010121+01:00 11LSZbook kernel: misc dxg: dxgk: dxgkio_is_feature_enabled: Ioctl failed: -22
2026-09-16T11:04:36.082964+01:00 11LSZbook kernel: misc dxg: dxgk: dxgkio_query_adapter_info: Ioctl failed: -22
2026-09-16T11:04:36.176411+01:00 11LSZbook kernel: message repeated 2 times: [ misc dxg: dxgk: dxgkio_query_adapter_info: Ioctl failed: -22]
2026-09-16T11:04:36.290782+01:00 11LSZbook kernel: misc dxg: dxgk: dxgkio_query_adapter_info: Ioctl failed: -2
2026-09-16T11:04:36.290857+01:00 11LSZbook kernel: misc dxg: dxgk: dxgkio_query_adapter_info: Ioctl failed: -22
2026-09-16T11:04:36.436446+01:00 11LSZbook kernel: message repeated 2 times: [ misc dxg: dxgk: dxgkio_query_adapter_info: Ioctl failed: -22]
2026-09-16T11:04:36.465256+01:00 11LSZbook kernel: misc dxg: dxgk: dxgkio_query_adapter_info: Ioctl failed: -2
2026-09-16T11:04:48.469259+01:00 11LSZbook kernel: EXT4-fs (sde): unmounting filesystem b5ab0d4c-5f1e-4965-94e7-acda07f4b1d2.
2026-09-16T11:04:52.413318+01:00 11LSZbook kernel: EXT4-fs (sdf): unmounting filesystem de62f83d-5d77-47ad-99f0-fe1303dbf4a4.
2026-09-16T11:05:38.737189+01:00 11LSZbook kernel: EXT4-fs (sde): mounted filesystem b5ab0d4c-5f1e-4965-94e7-acda07f4b1d2 r/w with ordered data mode. Quota mode: none.
2026-09-16T11:05:39.009472+01:00 11LSZbook kernel: EXT4-fs (sdf): mounted filesystem de62f83d-5d77-47ad-99f0-fe1303dbf4a4 r/w with ordered data mode. Quota mode: none.
2026-09-16T11:05:39.061332+01:00 11LSZbook kernel: misc dxg: dxgk: dxgkio_is_feature_enabled: Ioctl failed: -22
2026-09-16T11:05:39.066025+01:00 11LSZbook kernel: misc dxg: dxgk: dxgkio_query_adapter_info: Ioctl failed: -22
2026-09-16T11:05:39.069410+01:00 11LSZbook kernel: message repeated 2 times: [ misc dxg: dxgk: dxgkio_query_adapter_info: Ioctl failed: -22]
2026-09-16T11:05:39.069421+01:00 11LSZbook kernel: misc dxg: dxgk: dxgkio_query_adapter_info: Ioctl failed: -2
2026-09-16T11:05:39.078123+01:00 11LSZbook kernel: misc dxg: dxgk: dxgkio_query_adapter_info: Ioctl failed: -22
2026-09-16T11:05:39.078213+01:00 11LSZbook kernel: message repeated 2 times: [ misc dxg: dxgk: dxgkio_query_adapter_info: Ioctl failed: -22]
2026-09-16T11:05:39.078214+01:00 11LSZbook kernel: misc dxg: dxgk: dxgkio_query_adapter_info: Ioctl failed: -2
2026-09-16T11:05:39.369273+01:00 11LSZbook kernel: misc dxg: dxgk: dxgkio_is_feature_enabled: Ioctl failed: -22
2026-09-16T11:05:39.369326+01:00 11LSZbook kernel: misc dxg: dxgk: dxgkio_query_adapter_info: Ioctl failed: -22
2026-09-16T11:05:39.373206+01:00 11LSZbook kernel: message repeated 2 times: [ misc dxg: dxgk: dxgkio_query_adapter_info: Ioctl failed: -22]
2026-09-16T11:05:39.373207+01:00 11LSZbook kernel: misc dxg: dxgk: dxgkio_query_adapter_info: Ioctl failed: -2
2026-09-16T11:05:39.377248+01:00 11LSZbook kernel: misc dxg: dxgk: dxgkio_query_adapter_info: Ioctl failed: -22
2026-09-16T11:05:39.377280+01:00 11LSZbook kernel: message repeated 2 times: [ misc dxg: dxgk: dxgkio_query_adapter_info: Ioctl failed: -22]
2026-09-16T11:05:39.377281+01:00 11LSZbook kernel: misc dxg: dxgk: dxgkio_query_adapter_info: Ioctl failed: -2
2026-09-16T11:05:53.977211+01:00 11LSZbook kernel: EXT4-fs (sde): unmounting filesystem b5ab0d4c-5f1e-4965-94e7-acda07f4b1d2.
2026-09-16T11:05:54.441206+01:00 11LSZbook kernel: EXT4-fs (sdf): unmounting filesystem de62f83d-5d77-47ad-99f0-fe1303dbf4a4.
2026-09-16T11:37:25.365263+01:00 11LSZbook kernel: EXT4-fs (sdf): mounted filesystem de62f83d-5d77-47ad-99f0-fe1303dbf4a4 r/w with ordered data mode. Quota mode: none.
2026-09-16T11:37:25.825567+01:00 11LSZbook kernel: misc dxg: dxgk: dxgkio_is_feature_enabled: Ioctl failed: -22
2026-09-16T11:37:25.825606+01:00 11LSZbook kernel: misc dxg: dxgk: dxgkio_query_adapter_info: Ioctl failed: -22
2026-09-16T11:37:25.829326+01:00 11LSZbook kernel: message repeated 2 times: [ misc dxg: dxgk: dxgkio_query_adapter_info: Ioctl failed: -22]
2026-09-16T11:37:25.829328+01:00 11LSZbook kernel: misc dxg: dxgk: dxgkio_query_adapter_info: Ioctl failed: -2
2026-09-16T11:37:25.833454+01:00 11LSZbook kernel: misc dxg: dxgk: dxgkio_query_adapter_info: Ioctl failed: -22
2026-09-16T11:37:25.833485+01:00 11LSZbook kernel: message repeated 2 times: [ misc dxg: dxgk: dxgkio_query_adapter_info: Ioctl failed: -22]
2026-09-16T11:37:25.837172+01:00 11LSZbook kernel: misc dxg: dxgk: dxgkio_query_adapter_info: Ioctl failed: -2
2026-09-16T11:38:10.953236+01:00 11LSZbook kernel: EXT4-fs (sdf): unmounting filesystem de62f83d-5d77-47ad-99f0-fe1303dbf4a4.
2026-09-16T11:39:14.925185+01:00 11LSZbook kernel: EXT4-fs (sdf): mounted filesystem de62f83d-5d77-47ad-99f0-fe1303dbf4a4 r/w with ordered data mode. Quota mode: none.
2026-09-16T11:39:15.181846+01:00 11LSZbook kernel: misc dxg: dxgk: dxgkio_is_feature_enabled: Ioctl failed: -22
2026-09-16T11:39:15.181875+01:00 11LSZbook kernel: misc dxg: dxgk: dxgkio_query_adapter_info: Ioctl failed: -22
2026-09-16T11:39:15.185360+01:00 11LSZbook kernel: message repeated 2 times: [ misc dxg: dxgk: dxgkio_query_adapter_info: Ioctl failed: -22]
2026-09-16T11:39:15.185364+01:00 11LSZbook kernel: misc dxg: dxgk: dxgkio_query_adapter_info: Ioctl failed: -2
2026-09-16T11:39:15.189590+01:00 11LSZbook kernel: misc dxg: dxgk: dxgkio_query_adapter_info: Ioctl failed: -22
2026-09-16T11:39:15.189662+01:00 11LSZbook kernel: message repeated 2 times: [ misc dxg: dxgk: dxgkio_query_adapter_info: Ioctl failed: -22]
2026-09-16T11:39:15.189663+01:00 11LSZbook kernel: misc dxg: dxgk: dxgkio_query_adapter_info: Ioctl failed: -2
2026-09-16T11:39:30.249367+01:00 11LSZbook kernel: EXT4-fs (sdf): unmounting filesystem de62f83d-5d77-47ad-99f0-fe1303dbf4a4.
2026-09-16T11:39:41.133246+01:00 11LSZbook kernel: EXT4-fs (sdf): mounted filesystem de62f83d-5d77-47ad-99f0-fe1303dbf4a4 r/w with ordered data mode. Quota mode: none.
2026-09-16T11:39:41.381368+01:00 11LSZbook kernel: misc dxg: dxgk: dxgkio_is_feature_enabled: Ioctl failed: -22
2026-09-16T11:39:41.385534+01:00 11LSZbook kernel: misc dxg: dxgk: dxgkio_query_adapter_info: Ioctl failed: -22
2026-09-16T11:39:41.389208+01:00 11LSZbook kernel: message repeated 2 times: [ misc dxg: dxgk: dxgkio_query_adapter_info: Ioctl failed: -22]
2026-09-16T11:39:41.389215+01:00 11LSZbook kernel: misc dxg: dxgk: dxgkio_query_adapter_info: Ioctl failed: -2
2026-09-16T11:39:41.393209+01:00 11LSZbook kernel: misc dxg: dxgk: dxgkio_query_adapter_info: Ioctl failed: -22
2026-09-16T11:39:41.397246+01:00 11LSZbook kernel: message repeated 2 times: [ misc dxg: dxgk: dxgkio_query_adapter_info: Ioctl failed: -22]
2026-09-16T11:39:41.397261+01:00 11LSZbook kernel: misc dxg: dxgk: dxgkio_query_adapter_info: Ioctl failed: -2
2026-09-16T11:39:56.437259+01:00 11LSZbook kernel: EXT4-fs (sdf): unmounting filesystem de62f83d-5d77-47ad-99f0-fe1303dbf4a4.
2026-09-16T11:40:02.117259+01:00 11LSZbook kernel: EXT4-fs (sdf): mounted filesystem de62f83d-5d77-47ad-99f0-fe1303dbf4a4 r/w with ordered data mode. Quota mode: none.
2026-09-16T11:40:02.421324+01:00 11LSZbook kernel: misc dxg: dxgk: dxgkio_is_feature_enabled: Ioctl failed: -22
2026-09-16T11:40:02.421357+01:00 11LSZbook kernel: misc dxg: dxgk: dxgkio_query_adapter_info: Ioctl failed: -22
2026-09-16T11:40:02.425311+01:00 11LSZbook kernel: message repeated 2 times: [ misc dxg: dxgk: dxgkio_query_adapter_info: Ioctl failed: -22]
2026-09-16T11:40:02.425314+01:00 11LSZbook kernel: misc dxg: dxgk: dxgkio_query_adapter_info: Ioctl failed: -2
2026-09-16T11:40:02.429509+01:00 11LSZbook kernel: misc dxg: dxgk: dxgkio_query_adapter_info: Ioctl failed: -22
2026-09-16T11:40:02.429536+01:00 11LSZbook kernel: message repeated 2 times: [ misc dxg: dxgk: dxgkio_query_adapter_info: Ioctl failed: -22]
2026-09-16T11:40:02.433222+01:00 11LSZbook kernel: misc dxg: dxgk: dxgkio_query_adapter_info: Ioctl failed: -2
2026-09-16T11:40:17.501289+01:00 11LSZbook kernel: EXT4-fs (sdf): unmounting filesystem de62f83d-5d77-47ad-99f0-fe1303dbf4a4.
2026-09-16T11:42:24.761203+01:00 11LSZbook kernel: EXT4-fs (sdf): mounted filesystem de62f83d-5d77-47ad-99f0-fe1303dbf4a4 r/w with ordered data mode. Quota mode: none.
2026-09-16T11:42:24.997391+01:00 11LSZbook kernel: misc dxg: dxgk: dxgkio_is_feature_enabled: Ioctl failed: -22
2026-09-16T11:42:24.997415+01:00 11LSZbook kernel: misc dxg: dxgk: dxgkio_query_adapter_info: Ioctl failed: -22
2026-09-16T11:42:24.997430+01:00 11LSZbook kernel: message repeated 2 times: [ misc dxg: dxgk: dxgkio_query_adapter_info: Ioctl failed: -22]
2026-09-16T11:42:24.997431+01:00 11LSZbook kernel: misc dxg: dxgk: dxgkio_query_adapter_info: Ioctl failed: -2
2026-09-16T11:42:25.001515+01:00 11LSZbook kernel: misc dxg: dxgk: dxgkio_query_adapter_info: Ioctl failed: -22
2026-09-16T11:42:25.001540+01:00 11LSZbook kernel: message repeated 2 times: [ misc dxg: dxgk: dxgkio_query_adapter_info: Ioctl failed: -22]
2026-09-16T11:42:25.005226+01:00 11LSZbook kernel: misc dxg: dxgk: dxgkio_query_adapter_info: Ioctl failed: -2
2026-09-16T11:42:55.069279+01:00 11LSZbook kernel: EXT4-fs (sdf): unmounting filesystem de62f83d-5d77-47ad-99f0-fe1303dbf4a4.
2026-09-16T12:13:14.753352+01:00 11LSZbook kernel: EXT4-fs (sde): mounted filesystem b5ab0d4c-5f1e-4965-94e7-acda07f4b1d2 r/w with ordered data mode. Quota mode: none.
2026-09-16T12:13:15.053219+01:00 11LSZbook kernel: EXT4-fs (sdf): mounted filesystem de62f83d-5d77-47ad-99f0-fe1303dbf4a4 r/w with ordered data mode. Quota mode: none.
2026-09-16T12:13:15.149313+01:00 11LSZbook kernel: misc dxg: dxgk: dxgkio_is_feature_enabled: Ioctl failed: -22
2026-09-16T12:13:15.153222+01:00 11LSZbook kernel: misc dxg: dxgk: dxgkio_query_adapter_info: Ioctl failed: -22
2026-09-16T12:13:15.153829+01:00 11LSZbook kernel: message repeated 2 times: [ misc dxg: dxgk: dxgkio_query_adapter_info: Ioctl failed: -22]
2026-09-16T12:13:15.157232+01:00 11LSZbook kernel: misc dxg: dxgk: dxgkio_query_adapter_info: Ioctl failed: -2
2026-09-16T12:13:15.157300+01:00 11LSZbook kernel: misc dxg: dxgk: dxgkio_query_adapter_info: Ioctl failed: -22
2026-09-16T12:13:15.161264+01:00 11LSZbook kernel: message repeated 2 times: [ misc dxg: dxgk: dxgkio_query_adapter_info: Ioctl failed: -22]
2026-09-16T12:13:15.161265+01:00 11LSZbook kernel: misc dxg: dxgk: dxgkio_query_adapter_info: Ioctl failed: -2
2026-09-16T12:13:15.433430+01:00 11LSZbook kernel: misc dxg: dxgk: dxgkio_is_feature_enabled: Ioctl failed: -22
2026-09-16T12:13:15.437212+01:00 11LSZbook kernel: misc dxg: dxgk: dxgkio_query_adapter_info: Ioctl failed: -22
2026-09-16T12:13:15.437270+01:00 11LSZbook kernel: message repeated 2 times: [ misc dxg: dxgk: dxgkio_query_adapter_info: Ioctl failed: -22]
2026-09-16T12:13:15.441938+01:00 11LSZbook kernel: misc dxg: dxgk: dxgkio_query_adapter_info: Ioctl failed: -2
2026-09-16T12:13:15.441999+01:00 11LSZbook kernel: misc dxg: dxgk: dxgkio_query_adapter_info: Ioctl failed: -22
2026-09-16T12:13:15.445223+01:00 11LSZbook kernel: message repeated 2 times: [ misc dxg: dxgk: dxgkio_query_adapter_info: Ioctl failed: -22]
2026-09-16T12:13:15.445224+01:00 11LSZbook kernel: misc dxg: dxgk: dxgkio_query_adapter_info: Ioctl failed: -2
2026-09-16T12:13:30.061198+01:00 11LSZbook kernel: EXT4-fs (sde): unmounting filesystem b5ab0d4c-5f1e-4965-94e7-acda07f4b1d2.
2026-09-16T12:13:30.569310+01:00 11LSZbook kernel: EXT4-fs (sdf): unmounting filesystem de62f83d-5d77-47ad-99f0-fe1303dbf4a4.
2026-09-16T12:14:42.525244+01:00 11LSZbook kernel: EXT4-fs (sdf): mounted filesystem de62f83d-5d77-47ad-99f0-fe1303dbf4a4 r/w with ordered data mode. Quota mode: none.
2026-09-16T12:14:42.797806+01:00 11LSZbook kernel: misc dxg: dxgk: dxgkio_is_feature_enabled: Ioctl failed: -22
2026-09-16T12:14:42.797827+01:00 11LSZbook kernel: misc dxg: dxgk: dxgkio_query_adapter_info: Ioctl failed: -22
2026-09-16T12:14:42.802533+01:00 11LSZbook kernel: message repeated 2 times: [ misc dxg: dxgk: dxgkio_query_adapter_info: Ioctl failed: -22]
2026-09-16T12:14:42.802534+01:00 11LSZbook kernel: misc dxg: dxgk: dxgkio_query_adapter_info: Ioctl failed: -2
2026-09-16T12:14:42.805268+01:00 11LSZbook kernel: misc dxg: dxgk: dxgkio_query_adapter_info: Ioctl failed: -22
2026-09-16T12:14:42.809213+01:00 11LSZbook kernel: message repeated 2 times: [ misc dxg: dxgk: dxgkio_query_adapter_info: Ioctl failed: -22]
2026-09-16T12:14:42.809214+01:00 11LSZbook kernel: misc dxg: dxgk: dxgkio_query_adapter_info: Ioctl failed: -2
2026-09-16T12:14:42.881257+01:00 11LSZbook kernel: EXT4-fs (sde): mounted filesystem b5ab0d4c-5f1e-4965-94e7-acda07f4b1d2 r/w with ordered data mode. Quota mode: none.
2026-09-16T12:14:43.141257+01:00 11LSZbook kernel: misc dxg: dxgk: dxgkio_is_feature_enabled: Ioctl failed: -22
2026-09-16T12:14:43.145403+01:00 11LSZbook kernel: misc dxg: dxgk: dxgkio_query_adapter_info: Ioctl failed: -22
2026-09-16T12:14:43.145432+01:00 11LSZbook kernel: message repeated 2 times: [ misc dxg: dxgk: dxgkio_query_adapter_info: Ioctl failed: -22]
2026-09-16T12:14:43.145433+01:00 11LSZbook kernel: misc dxg: dxgk: dxgkio_query_adapter_info: Ioctl failed: -2
2026-09-16T12:14:43.149789+01:00 11LSZbook kernel: misc dxg: dxgk: dxgkio_query_adapter_info: Ioctl failed: -22
2026-09-16T12:14:43.149807+01:00 11LSZbook kernel: message repeated 2 times: [ misc dxg: dxgk: dxgkio_query_adapter_info: Ioctl failed: -22]
2026-09-16T12:14:43.153217+01:00 11LSZbook kernel: misc dxg: dxgk: dxgkio_query_adapter_info: Ioctl failed: -2
2026-09-16T12:14:57.877199+01:00 11LSZbook kernel: EXT4-fs (sdf): unmounting filesystem de62f83d-5d77-47ad-99f0-fe1303dbf4a4.
2026-09-16T12:14:58.089248+01:00 11LSZbook kernel: EXT4-fs (sde): unmounting filesystem b5ab0d4c-5f1e-4965-94e7-acda07f4b1d2.
2026-09-16T12:47:38.297381+01:00 11LSZbook kernel: EXT4-fs (sde): mounted filesystem b5ab0d4c-5f1e-4965-94e7-acda07f4b1d2 r/w with ordered data mode. Quota mode: none.
2026-09-16T12:47:38.297404+01:00 11LSZbook kernel: EXT4-fs (sdd): unmounting filesystem 27968e05-1fda-47f0-9b91-e012ebb15c83.
2026-09-16T12:47:38.297407+01:00 11LSZbook kernel: misc dxg: dxgk: dxgkio_is_feature_enabled: Ioctl failed: -22
2026-09-16T12:47:38.297407+01:00 11LSZbook kernel: misc dxg: dxgk: dxgkio_query_adapter_info: Ioctl failed: -22
2026-09-16T12:47:38.297428+01:00 11LSZbook kernel: message repeated 2 times: [ misc dxg: dxgk: dxgkio_query_adapter_info: Ioctl failed: -22]
2026-09-16T12:47:38.297430+01:00 11LSZbook kernel: misc dxg: dxgk: dxgkio_query_adapter_info: Ioctl failed: -2
2026-09-16T12:47:38.297434+01:00 11LSZbook kernel: misc dxg: dxgk: dxgkio_query_adapter_info: Ioctl failed: -22
2026-09-16T12:47:38.297435+01:00 11LSZbook kernel: message repeated 2 times: [ misc dxg: dxgk: dxgkio_query_adapter_info: Ioctl failed: -22]
2026-09-16T12:47:38.297436+01:00 11LSZbook kernel: misc dxg: dxgk: dxgkio_query_adapter_info: Ioctl failed: -2
2026-09-16T12:47:38.297437+01:00 11LSZbook kernel: EXT4-fs (sdd): mounted filesystem 27968e05-1fda-47f0-9b91-e012ebb15c83 r/w with ordered data mode. Quota mode: none.
2026-09-16T12:47:38.297439+01:00 11LSZbook kernel: EXT4-fs (sdf): mounted filesystem de62f83d-5d77-47ad-99f0-fe1303dbf4a4 r/w with ordered data mode. Quota mode: none.
2026-09-16T12:47:38.297440+01:00 11LSZbook kernel: misc dxg: dxgk: dxgkio_is_feature_enabled: Ioctl failed: -22
2026-09-16T12:47:38.297440+01:00 11LSZbook kernel: misc dxg: dxgk: dxgkio_query_adapter_info: Ioctl failed: -22
2026-09-16T12:47:38.297441+01:00 11LSZbook kernel: message repeated 2 times: [ misc dxg: dxgk: dxgkio_query_adapter_info: Ioctl failed: -22]
2026-09-16T12:47:38.297442+01:00 11LSZbook kernel: misc dxg: dxgk: dxgkio_query_adapter_info: Ioctl failed: -2
2026-09-16T12:47:38.297443+01:00 11LSZbook kernel: misc dxg: dxgk: dxgkio_query_adapter_info: Ioctl failed: -22
2026-09-16T12:47:38.297446+01:00 11LSZbook kernel: message repeated 2 times: [ misc dxg: dxgk: dxgkio_query_adapter_info: Ioctl failed: -22]
2026-09-16T12:47:38.297446+01:00 11LSZbook kernel: misc dxg: dxgk: dxgkio_query_adapter_info: Ioctl failed: -2
2026-09-16T12:47:38.297447+01:00 11LSZbook kernel: misc dxg: dxgk: dxgkio_is_feature_enabled: Ioctl failed: -22
2026-09-16T12:47:38.297447+01:00 11LSZbook kernel: misc dxg: dxgk: dxgkio_query_adapter_info: Ioctl failed: -22
2026-09-16T12:47:38.297463+01:00 11LSZbook kernel: message repeated 2 times: [ misc dxg: dxgk: dxgkio_query_adapter_info: Ioctl failed: -22]
2026-09-16T12:47:38.297464+01:00 11LSZbook kernel: misc dxg: dxgk: dxgkio_query_adapter_info: Ioctl failed: -2
2026-09-16T12:47:38.297467+01:00 11LSZbook kernel: misc dxg: dxgk: dxgkio_query_adapter_info: Ioctl failed: -22
2026-09-16T12:47:38.297469+01:00 11LSZbook kernel: message repeated 2 times: [ misc dxg: dxgk: dxgkio_query_adapter_info: Ioctl failed: -22]
2026-09-16T12:47:38.297469+01:00 11LSZbook kernel: misc dxg: dxgk: dxgkio_query_adapter_info: Ioctl failed: -2
2026-09-16T12:47:38.297471+01:00 11LSZbook kernel: EXT4-fs (sde): unmounting filesystem b5ab0d4c-5f1e-4965-94e7-acda07f4b1d2.
2026-09-16T12:47:38.297471+01:00 11LSZbook kernel: EXT4-fs (sde): mounted filesystem b5ab0d4c-5f1e-4965-94e7-acda07f4b1d2 r/w with ordered data mode. Quota mode: none.
2026-09-16T12:47:38.297475+01:00 11LSZbook kernel: scsi 0:0:0:6: Direct-Access     Msft     Virtual Disk     1.0  PQ: 0 ANSI: 5
2026-09-16T12:47:38.297475+01:00 11LSZbook kernel: sd 0:0:0:6: Attached scsi generic sg6 type 0
2026-09-16T12:47:38.297476+01:00 11LSZbook kernel: sd 0:0:0:6: [sdg] 2147483648 512-byte logical blocks: (1.10 TB/1.00 TiB)
2026-09-16T12:47:38.297477+01:00 11LSZbook kernel: sd 0:0:0:6: [sdg] 4096-byte physical blocks
2026-09-16T12:47:38.297487+01:00 11LSZbook kernel: sd 0:0:0:6: [sdg] Write Protect is off
2026-09-16T12:47:38.297492+01:00 11LSZbook kernel: sd 0:0:0:6: [sdg] Mode Sense: 0f 00 00 00
2026-09-16T12:47:38.297493+01:00 11LSZbook kernel: sd 0:0:0:6: [sdg] Write cache: enabled, read cache: enabled, doesn't support DPO or FUA
2026-09-16T12:47:38.297493+01:00 11LSZbook kernel: sd 0:0:0:6: [sdg] Attached SCSI disk
2026-09-16T12:47:38.297496+01:00 11LSZbook kernel: misc dxg: dxgk: dxgkio_is_feature_enabled: Ioctl failed: -22
2026-09-16T12:47:38.297496+01:00 11LSZbook kernel: misc dxg: dxgk: dxgkio_query_adapter_info: Ioctl failed: -22
2026-09-16T12:47:38.297499+01:00 11LSZbook kernel: message repeated 2 times: [ misc dxg: dxgk: dxgkio_query_adapter_info: Ioctl failed: -22]
2026-09-16T12:47:38.297501+01:00 11LSZbook kernel: misc dxg: dxgk: dxgkio_query_adapter_info: Ioctl failed: -2
2026-09-16T12:47:38.297503+01:00 11LSZbook kernel: misc dxg: dxgk: dxgkio_query_adapter_info: Ioctl failed: -22
2026-09-16T12:47:38.297504+01:00 11LSZbook kernel: message repeated 2 times: [ misc dxg: dxgk: dxgkio_query_adapter_info: Ioctl failed: -22]
2026-09-16T12:47:38.297505+01:00 11LSZbook kernel: misc dxg: dxgk: dxgkio_query_adapter_info: Ioctl failed: -2
2026-09-16T12:47:38.297506+01:00 11LSZbook kernel: EXT4-fs (sdg): recovery complete
2026-09-16T12:47:38.297506+01:00 11LSZbook kernel: EXT4-fs (sdg): mounted filesystem 324e0566-2a15-409f-a440-3c600cdbfb3f r/w with ordered data mode. Quota mode: none.
2026-09-16T12:47:38.297508+01:00 11LSZbook kernel: loop0: detected capacity change from 0 to 1526420
2026-09-16T12:47:38.297509+01:00 11LSZbook kernel: ISO 9660 Extensions: Microsoft Joliet Level 3
2026-09-16T12:47:38.297509+01:00 11LSZbook kernel: ISO 9660 Extensions: RRIP_1991A
2026-09-16T12:47:38.297510+01:00 11LSZbook kernel: loop1: detected capacity change from 0 to 1488624
2026-09-16T12:47:38.297510+01:00 11LSZbook kernel: ISO 9660 Extensions: RRIP_1991A
2026-09-16T12:47:38.297511+01:00 11LSZbook kernel: netlink: 'initd': attribute type 4 has an invalid length.
2026-09-16T12:47:38.297513+01:00 11LSZbook kernel: virtiofs: Unknown parameter 'negative_dentry_timeout'
2026-09-16T12:47:38.297515+01:00 11LSZbook kernel: NOTICE: Automounting of tracing to debugfs is deprecated and will be removed in 2030
2026-09-16T12:47:38.297520+01:00 11LSZbook kernel: loop2: detected capacity change from 0 to 8
2026-09-16T12:48:16.889063+01:00 11LSZbook kernel: mini_init (205): drop_caches: 1
2026-09-16T12:48:24.357534+01:00 11LSZbook kernel: device offline error, dev sdg, sector 0 op 0x1:(WRITE) flags 0x800 phys_seg 0 prio class 2
2026-09-16T12:48:24.365581+01:00 11LSZbook kernel: device offline error, dev sdg, sector 0 op 0x1:(WRITE) flags 0x800 phys_seg 0 prio class 2
2026-09-16T12:48:24.434671+01:00 11LSZbook kernel: EXT4-fs (sdg): shut down requested (2)
2026-09-16T12:48:24.434709+01:00 11LSZbook kernel: Aborting journal on device sdg-8.
2026-09-16T12:48:24.434711+01:00 11LSZbook kernel: device offline error, dev sdg, sector 1073479680 op 0x1:(WRITE) flags 0x9800 phys_seg 1 prio class 2
2026-09-16T12:48:24.434717+01:00 11LSZbook kernel: device offline error, dev sdg, sector 1073479680 op 0x1:(WRITE) flags 0x9800 phys_seg 1 prio class 2
2026-09-16T12:48:24.438147+01:00 11LSZbook kernel: Buffer I/O error on dev sdg, logical block 134184960, lost sync page write
2026-09-16T12:48:24.440882+01:00 11LSZbook kernel: JBD2: I/O error when updating journal superblock for sdg-8.
2026-09-16T12:48:24.508952+01:00 11LSZbook kernel: sd 0:0:0:6: [sdg] Synchronizing SCSI cache
2026-09-16T12:48:25.076851+01:00 11LSZbook kernel: I/O error, dev loop0, sector 112 op 0x0:(READ) flags 0x0 phys_seg 1 prio class 2
2026-09-16T12:48:25.104919+01:00 11LSZbook kernel: I/O error, dev loop0, sector 112 op 0x0:(READ) flags 0x0 phys_seg 1 prio class 2
2026-09-16T12:48:32.052836+01:00 11LSZbook kernel: misc dxg: dxgk: dxgkio_is_feature_enabled: Ioctl failed: -22
2026-09-16T12:48:32.052855+01:00 11LSZbook kernel: misc dxg: dxgk: dxgkio_query_adapter_info: Ioctl failed: -22
2026-09-16T12:48:32.057353+01:00 11LSZbook kernel: message repeated 2 times: [ misc dxg: dxgk: dxgkio_query_adapter_info: Ioctl failed: -22]
2026-09-16T12:48:32.062081+01:00 11LSZbook kernel: misc dxg: dxgk: dxgkio_query_adapter_info: Ioctl failed: -2
2026-09-16T12:48:32.062119+01:00 11LSZbook kernel: misc dxg: dxgk: dxgkio_query_adapter_info: Ioctl failed: -22
2026-09-16T12:48:32.065537+01:00 11LSZbook kernel: message repeated 2 times: [ misc dxg: dxgk: dxgkio_query_adapter_info: Ioctl failed: -22]
2026-09-16T12:48:32.068899+01:00 11LSZbook kernel: misc dxg: dxgk: dxgkio_query_adapter_info: Ioctl failed: -2
2026-09-16T12:48:55.556921+01:00 11LSZbook kernel: EXT4-fs (sdg): unmounting filesystem 324e0566-2a15-409f-a440-3c600cdbfb3f.
2026-09-16T12:48:55.560958+01:00 11LSZbook kernel: EXT4-fs (sde): unmounting filesystem b5ab0d4c-5f1e-4965-94e7-acda07f4b1d2.
2026-09-16T12:48:55.768917+01:00 11LSZbook kernel: EXT4-fs (sdf): unmounting filesystem de62f83d-5d77-47ad-99f0-fe1303dbf4a4.
2026-09-16T12:57:14.359985+01:00 11LSZbook kernel: EXT4-fs (sde): mounted filesystem b5ab0d4c-5f1e-4965-94e7-acda07f4b1d2 r/w with ordered data mode. Quota mode: none.
2026-09-16T12:57:15.229418+01:00 11LSZbook kernel: EXT4-fs (sdf): mounted filesystem de62f83d-5d77-47ad-99f0-fe1303dbf4a4 r/w with ordered data mode. Quota mode: none.
2026-09-16T12:57:15.264832+01:00 11LSZbook kernel: misc dxg: dxgk: dxgkio_is_feature_enabled: Ioctl failed: -22
2026-09-16T12:57:15.361887+01:00 11LSZbook kernel: misc dxg: dxgk: dxgkio_query_adapter_info: Ioctl failed: -22
2026-09-16T12:57:15.362077+01:00 11LSZbook kernel: message repeated 2 times: [ misc dxg: dxgk: dxgkio_query_adapter_info: Ioctl failed: -22]
2026-09-16T12:57:15.388903+01:00 11LSZbook kernel: misc dxg: dxgk: dxgkio_query_adapter_info: Ioctl failed: -2
2026-09-16T12:57:15.393013+01:00 11LSZbook kernel: misc dxg: dxgk: dxgkio_query_adapter_info: Ioctl failed: -22
2026-09-16T12:57:15.396947+01:00 11LSZbook kernel: message repeated 2 times: [ misc dxg: dxgk: dxgkio_query_adapter_info: Ioctl failed: -22]
2026-09-16T12:57:15.396958+01:00 11LSZbook kernel: misc dxg: dxgk: dxgkio_query_adapter_info: Ioctl failed: -2
2026-09-16T12:57:15.653008+01:00 11LSZbook kernel: misc dxg: dxgk: dxgkio_is_feature_enabled: Ioctl failed: -22
2026-09-16T12:57:15.656874+01:00 11LSZbook kernel: misc dxg: dxgk: dxgkio_query_adapter_info: Ioctl failed: -22
2026-09-16T12:57:15.656914+01:00 11LSZbook kernel: message repeated 2 times: [ misc dxg: dxgk: dxgkio_query_adapter_info: Ioctl failed: -22]
2026-09-16T12:57:15.661376+01:00 11LSZbook kernel: misc dxg: dxgk: dxgkio_query_adapter_info: Ioctl failed: -2
2026-09-16T12:57:15.661418+01:00 11LSZbook kernel: misc dxg: dxgk: dxgkio_query_adapter_info: Ioctl failed: -22
2026-09-16T12:57:15.665113+01:00 11LSZbook kernel: message repeated 2 times: [ misc dxg: dxgk: dxgkio_query_adapter_info: Ioctl failed: -22]
2026-09-16T12:57:15.665114+01:00 11LSZbook kernel: misc dxg: dxgk: dxgkio_query_adapter_info: Ioctl failed: -2
2026-09-16T12:57:30.712984+01:00 11LSZbook kernel: EXT4-fs (sdf): unmounting filesystem de62f83d-5d77-47ad-99f0-fe1303dbf4a4.
2026-09-16T12:57:45.176878+01:00 11LSZbook kernel: EXT4-fs (sde): unmounting filesystem b5ab0d4c-5f1e-4965-94e7-acda07f4b1d2.
2026-09-16T12:57:57.916872+01:00 11LSZbook kernel: EXT4-fs (sde): mounted filesystem b5ab0d4c-5f1e-4965-94e7-acda07f4b1d2 r/w with ordered data mode. Quota mode: none.
2026-09-16T12:57:58.112889+01:00 11LSZbook kernel: EXT4-fs (sdf): mounted filesystem de62f83d-5d77-47ad-99f0-fe1303dbf4a4 r/w with ordered data mode. Quota mode: none.
2026-09-16T12:57:58.172973+01:00 11LSZbook kernel: misc dxg: dxgk: dxgkio_is_feature_enabled: Ioctl failed: -22
2026-09-16T12:57:58.173036+01:00 11LSZbook kernel: misc dxg: dxgk: dxgkio_query_adapter_info: Ioctl failed: -22
2026-09-16T12:57:58.173044+01:00 11LSZbook kernel: message repeated 2 times: [ misc dxg: dxgk: dxgkio_query_adapter_info: Ioctl failed: -22]
2026-09-16T12:57:58.177224+01:00 11LSZbook kernel: misc dxg: dxgk: dxgkio_query_adapter_info: Ioctl failed: -2
2026-09-16T12:57:58.177277+01:00 11LSZbook kernel: misc dxg: dxgk: dxgkio_query_adapter_info: Ioctl failed: -22
2026-09-16T12:57:58.180827+01:00 11LSZbook kernel: message repeated 2 times: [ misc dxg: dxgk: dxgkio_query_adapter_info: Ioctl failed: -22]
2026-09-16T12:57:58.180836+01:00 11LSZbook kernel: misc dxg: dxgk: dxgkio_query_adapter_info: Ioctl failed: -2
2026-09-16T12:57:58.405027+01:00 11LSZbook kernel: misc dxg: dxgk: dxgkio_is_feature_enabled: Ioctl failed: -22
2026-09-16T12:57:58.405056+01:00 11LSZbook kernel: misc dxg: dxgk: dxgkio_query_adapter_info: Ioctl failed: -22
2026-09-16T12:57:58.409569+01:00 11LSZbook kernel: message repeated 2 times: [ misc dxg: dxgk: dxgkio_query_adapter_info: Ioctl failed: -22]
2026-09-16T12:57:58.409577+01:00 11LSZbook kernel: misc dxg: dxgk: dxgkio_query_adapter_info: Ioctl failed: -2
2026-09-16T12:57:58.409604+01:00 11LSZbook kernel: misc dxg: dxgk: dxgkio_query_adapter_info: Ioctl failed: -22
2026-09-16T12:57:58.413232+01:00 11LSZbook kernel: message repeated 2 times: [ misc dxg: dxgk: dxgkio_query_adapter_info: Ioctl failed: -22]
2026-09-16T12:57:58.413233+01:00 11LSZbook kernel: misc dxg: dxgk: dxgkio_query_adapter_info: Ioctl failed: -2
2026-09-16T12:58:13.488877+01:00 11LSZbook kernel: EXT4-fs (sdf): unmounting filesystem de62f83d-5d77-47ad-99f0-fe1303dbf4a4.
2026-09-16T12:58:28.104930+01:00 11LSZbook kernel: EXT4-fs (sde): unmounting filesystem b5ab0d4c-5f1e-4965-94e7-acda07f4b1d2.
2026-09-16T12:59:08.156890+01:00 11LSZbook kernel: EXT4-fs (sde): mounted filesystem b5ab0d4c-5f1e-4965-94e7-acda07f4b1d2 r/w with ordered data mode. Quota mode: none.
2026-09-16T12:59:08.360844+01:00 11LSZbook kernel: EXT4-fs (sdf): mounted filesystem de62f83d-5d77-47ad-99f0-fe1303dbf4a4 r/w with ordered data mode. Quota mode: none.
2026-09-16T12:59:08.420899+01:00 11LSZbook kernel: misc dxg: dxgk: dxgkio_is_feature_enabled: Ioctl failed: -22
2026-09-16T12:59:08.420952+01:00 11LSZbook kernel: misc dxg: dxgk: dxgkio_query_adapter_info: Ioctl failed: -22
2026-09-16T12:59:08.420958+01:00 11LSZbook kernel: message repeated 2 times: [ misc dxg: dxgk: dxgkio_query_adapter_info: Ioctl failed: -22]
2026-09-16T12:59:08.425261+01:00 11LSZbook kernel: misc dxg: dxgk: dxgkio_query_adapter_info: Ioctl failed: -2
2026-09-16T12:59:08.425323+01:00 11LSZbook kernel: misc dxg: dxgk: dxgkio_query_adapter_info: Ioctl failed: -22
2026-09-16T12:59:08.428922+01:00 11LSZbook kernel: message repeated 2 times: [ misc dxg: dxgk: dxgkio_query_adapter_info: Ioctl failed: -22]
2026-09-16T12:59:08.428932+01:00 11LSZbook kernel: misc dxg: dxgk: dxgkio_query_adapter_info: Ioctl failed: -2
2026-09-16T12:59:08.660853+01:00 11LSZbook kernel: misc dxg: dxgk: dxgkio_is_feature_enabled: Ioctl failed: -22
2026-09-16T12:59:08.664999+01:00 11LSZbook kernel: misc dxg: dxgk: dxgkio_query_adapter_info: Ioctl failed: -22
2026-09-16T12:59:08.665048+01:00 11LSZbook kernel: message repeated 2 times: [ misc dxg: dxgk: dxgkio_query_adapter_info: Ioctl failed: -22]
2026-09-16T12:59:08.669131+01:00 11LSZbook kernel: misc dxg: dxgk: dxgkio_query_adapter_info: Ioctl failed: -2
2026-09-16T12:59:08.669193+01:00 11LSZbook kernel: misc dxg: dxgk: dxgkio_query_adapter_info: Ioctl failed: -22
2026-09-16T12:59:08.669224+01:00 11LSZbook kernel: message repeated 2 times: [ misc dxg: dxgk: dxgkio_query_adapter_info: Ioctl failed: -22]
2026-09-16T12:59:08.672925+01:00 11LSZbook kernel: misc dxg: dxgk: dxgkio_query_adapter_info: Ioctl failed: -2
2026-09-16T12:59:23.349030+01:00 11LSZbook kernel: EXT4-fs (sde): unmounting filesystem b5ab0d4c-5f1e-4965-94e7-acda07f4b1d2.
2026-09-16T12:59:23.741011+01:00 11LSZbook kernel: EXT4-fs (sdf): unmounting filesystem de62f83d-5d77-47ad-99f0-fe1303dbf4a4.
2026-09-16T13:03:30.788921+01:00 11LSZbook kernel: EXT4-fs (sde): mounted filesystem b5ab0d4c-5f1e-4965-94e7-acda07f4b1d2 r/w with ordered data mode. Quota mode: none.
2026-09-16T13:03:31.000861+01:00 11LSZbook kernel: EXT4-fs (sdf): mounted filesystem de62f83d-5d77-47ad-99f0-fe1303dbf4a4 r/w with ordered data mode. Quota mode: none.
2026-09-16T13:03:31.056839+01:00 11LSZbook kernel: misc dxg: dxgk: dxgkio_is_feature_enabled: Ioctl failed: -22
2026-09-16T13:03:31.056870+01:00 11LSZbook kernel: misc dxg: dxgk: dxgkio_query_adapter_info: Ioctl failed: -22
2026-09-16T13:03:31.056874+01:00 11LSZbook kernel: message repeated 2 times: [ misc dxg: dxgk: dxgkio_query_adapter_info: Ioctl failed: -22]
2026-09-16T13:03:31.061543+01:00 11LSZbook kernel: misc dxg: dxgk: dxgkio_query_adapter_info: Ioctl failed: -2
2026-09-16T13:03:31.061581+01:00 11LSZbook kernel: misc dxg: dxgk: dxgkio_query_adapter_info: Ioctl failed: -22
2026-09-16T13:03:31.061584+01:00 11LSZbook kernel: message repeated 2 times: [ misc dxg: dxgk: dxgkio_query_adapter_info: Ioctl failed: -22]
2026-09-16T13:03:31.064861+01:00 11LSZbook kernel: misc dxg: dxgk: dxgkio_query_adapter_info: Ioctl failed: -2
2026-09-16T13:03:31.260893+01:00 11LSZbook kernel: misc dxg: dxgk: dxgkio_is_feature_enabled: Ioctl failed: -22
2026-09-16T13:03:31.264888+01:00 11LSZbook kernel: misc dxg: dxgk: dxgkio_query_adapter_info: Ioctl failed: -22
2026-09-16T13:03:31.264928+01:00 11LSZbook kernel: message repeated 2 times: [ misc dxg: dxgk: dxgkio_query_adapter_info: Ioctl failed: -22]
2026-09-16T13:03:31.264929+01:00 11LSZbook kernel: misc dxg: dxgk: dxgkio_query_adapter_info: Ioctl failed: -2
2026-09-16T13:03:31.268877+01:00 11LSZbook kernel: misc dxg: dxgk: dxgkio_query_adapter_info: Ioctl failed: -22
2026-09-16T13:03:31.268934+01:00 11LSZbook kernel: message repeated 2 times: [ misc dxg: dxgk: dxgkio_query_adapter_info: Ioctl failed: -22]
2026-09-16T13:03:31.268935+01:00 11LSZbook kernel: misc dxg: dxgk: dxgkio_query_adapter_info: Ioctl failed: -2
2026-09-16T13:03:45.985058+01:00 11LSZbook kernel: EXT4-fs (sde): unmounting filesystem b5ab0d4c-5f1e-4965-94e7-acda07f4b1d2.
2026-09-16T13:03:46.348889+01:00 11LSZbook kernel: EXT4-fs (sdf): unmounting filesystem de62f83d-5d77-47ad-99f0-fe1303dbf4a4.
2026-09-16T13:03:52.320850+01:00 11LSZbook kernel: EXT4-fs (sde): mounted filesystem b5ab0d4c-5f1e-4965-94e7-acda07f4b1d2 r/w with ordered data mode. Quota mode: none.
2026-09-16T13:03:52.856856+01:00 11LSZbook kernel: EXT4-fs (sdf): mounted filesystem de62f83d-5d77-47ad-99f0-fe1303dbf4a4 r/w with ordered data mode. Quota mode: none.
2026-09-16T13:03:52.979387+01:00 11LSZbook kernel: misc dxg: dxgk: dxgkio_is_feature_enabled: Ioctl failed: -22
2026-09-16T13:03:52.992556+01:00 11LSZbook kernel: misc dxg: dxgk: dxgkio_query_adapter_info: Ioctl failed: -22
2026-09-16T13:03:52.992630+01:00 11LSZbook kernel: message repeated 2 times: [ misc dxg: dxgk: dxgkio_query_adapter_info: Ioctl failed: -22]
2026-09-16T13:03:53.042629+01:00 11LSZbook kernel: misc dxg: dxgk: dxgkio_query_adapter_info: Ioctl failed: -2
2026-09-16T13:03:53.053682+01:00 11LSZbook kernel: misc dxg: dxgk: dxgkio_query_adapter_info: Ioctl failed: -22
2026-09-16T13:03:53.062915+01:00 11LSZbook kernel: message repeated 2 times: [ misc dxg: dxgk: dxgkio_query_adapter_info: Ioctl failed: -22]
2026-09-16T13:03:53.077297+01:00 11LSZbook kernel: misc dxg: dxgk: dxgkio_query_adapter_info: Ioctl failed: -2
2026-09-16T13:03:53.229260+01:00 11LSZbook kernel: ------------[ cut here ]------------
2026-09-16T13:03:53.229352+01:00 11LSZbook kernel: memcpy: detected field-spanning write (size 4) of single field "current_pos" at drivers/hv/dxgkrnl/dxgvmbus.c:3095 (size 0)
2026-09-16T13:03:53.232913+01:00 11LSZbook kernel: WARNING: CPU: 17 PID: 18778 at drivers/hv/dxgkrnl/dxgvmbus.c:3095 dxgvmb_send_wait_sync_object_gpu+0x271/0x290
2026-09-16T13:03:53.232971+01:00 11LSZbook kernel: Modules linked in: nf_conntrack_netlink tls iptable_nat xt_nat intel_rapl_msr intel_rapl_common xt_conntrack xt_MASQUERADE xfrm_user xfrm_algo kvm_intel xt_set ip_set kvm xt_addrtype irqbypass ac battery sch_fq_codel autofs4 ip6t_REJECT nf_reject_ipv6 ipt_REJECT nf_reject_ipv4 nft_compat sunrpc isofs br_netfilter bridge stp llc ip_tables tun
2026-09-16T13:03:53.232974+01:00 11LSZbook kernel: CPU: 17 UID: 1000 PID: 18778 Comm: Xwayland Not tainted 6.18.33.2-microsoft-standard-WSL2 #1 PREEMPT(none) 
2026-09-16T13:03:53.232976+01:00 11LSZbook kernel: RIP: 0010:dxgvmb_send_wait_sync_object_gpu+0x271/0x290
2026-09-16T13:03:53.232977+01:00 11LSZbook kernel: Code: a2 fe ff ff b8 ea ff ff ff eb 8d 31 c9 48 c7 c2 98 45 a8 98 4c 89 ee 48 c7 c7 60 d3 9b 98 c6 05 44 72 6a 01 01 e8 cf a4 25 ff <0f> 0b 4c 8b 85 60 ff ff ff e9 9f fe ff ff e8 fc d3 31 00 66 66 2e
2026-09-16T13:03:53.232978+01:00 11LSZbook kernel: RSP: 0018:ffffcf5098abba88 EFLAGS: 00010282
2026-09-16T13:03:53.232979+01:00 11LSZbook kernel: RAX: 0000000000000000 RBX: ffffcf5086ccf038 RCX: 0000000000000000
2026-09-16T13:03:53.232979+01:00 11LSZbook kernel: RDX: ffff8de16c66a840 RSI: 0000000000000001 RDI: ffff8de16c65cd00
2026-09-16T13:03:53.232980+01:00 11LSZbook kernel: RBP: ffffcf5098abbb40 R08: 0000000000000000 R09: 0000000000000003
2026-09-16T13:03:53.232980+01:00 11LSZbook kernel: R10: ffffcf5098abb8f8 R11: ffffffff99553708 R12: 0000000000000001
2026-09-16T13:03:53.232981+01:00 11LSZbook kernel: R13: 0000000000000004 R14: 0000000000000008 R15: 0000000000000008
2026-09-16T13:03:53.232981+01:00 11LSZbook kernel: FS:  000079c1321def40(0000) GS:ffff8de1d2a07000(0000) knlGS:0000000000000000
2026-09-16T13:03:53.232982+01:00 11LSZbook kernel: CS:  0010 DS: 0000 ES: 0000 CR0: 0000000080050033
2026-09-16T13:03:53.232983+01:00 11LSZbook kernel: CR2: 000079c130718284 CR3: 000000022f9e2005 CR4: 0000000000b72ef0
2026-09-16T13:03:53.232984+01:00 11LSZbook kernel: Call Trace:
2026-09-16T13:03:53.232984+01:00 11LSZbook kernel:  <TASK>
2026-09-16T13:03:53.232985+01:00 11LSZbook kernel:  dxgkio_wait_sync_object_gpu+0x296/0x3f0
2026-09-16T13:03:53.232985+01:00 11LSZbook kernel:  dxgk_ioctl+0x66/0x110
2026-09-16T13:03:53.232986+01:00 11LSZbook kernel:  dxgk_unlocked_ioctl+0x12/0x20
2026-09-16T13:03:53.232987+01:00 11LSZbook kernel:  __x64_sys_ioctl+0xa1/0xf0
2026-09-16T13:03:53.232987+01:00 11LSZbook kernel:  ? exit_to_user_mode_loop+0xc4/0x100
2026-09-16T13:03:53.232988+01:00 11LSZbook kernel:  x64_sys_call+0x102c/0x20f0
2026-09-16T13:03:53.232988+01:00 11LSZbook kernel:  do_syscall_64+0x73/0x990
2026-09-16T13:03:53.232989+01:00 11LSZbook kernel:  ? dxgadapter_release_lock_shared+0x12/0x20
2026-09-16T13:03:53.232989+01:00 11LSZbook kernel:  ? dxgkio_make_resident+0xe1/0x2e0
2026-09-16T13:03:53.232990+01:00 11LSZbook kernel:  ? __rseq_handle_notify_resume+0xaf/0x490
2026-09-16T13:03:53.232990+01:00 11LSZbook kernel:  ? dxgk_ioctl+0x66/0x110
2026-09-16T13:03:53.232991+01:00 11LSZbook kernel:  ? exit_to_user_mode_loop+0xc4/0x100
2026-09-16T13:03:53.232991+01:00 11LSZbook kernel:  ? do_syscall_64+0x28a/0x990
2026-09-16T13:03:53.232992+01:00 11LSZbook kernel:  ? __rseq_handle_notify_resume+0xaf/0x490
2026-09-16T13:03:53.232992+01:00 11LSZbook kernel:  ? dxgk_ioctl+0x66/0x110
2026-09-16T13:03:53.232993+01:00 11LSZbook kernel:  ? exit_to_user_mode_loop+0xc4/0x100
2026-09-16T13:03:53.232994+01:00 11LSZbook kernel:  ? do_syscall_64+0x28a/0x990
2026-09-16T13:03:53.232995+01:00 11LSZbook kernel:  ? exit_to_user_mode_loop+0xc4/0x100
2026-09-16T13:03:53.232995+01:00 11LSZbook kernel:  ? do_syscall_64+0x28a/0x990
2026-09-16T13:03:53.233032+01:00 11LSZbook kernel:  entry_SYSCALL_64_after_hwframe+0x76/0x7e
2026-09-16T13:03:53.254830+01:00 11LSZbook kernel: RIP: 0033:0x79c132b0d7aa
2026-09-16T13:03:53.254911+01:00 11LSZbook kernel: Code: f3 0f 1e fa 55 48 89 e5 48 8d 45 10 48 89 55 e0 48 89 45 c0 48 8d 45 d0 48 89 45 c8 b8 10 00 00 00 c7 45 b8 10 00 00 00 0f 05 <89> c2 3d 00 f0 ff ff 77 0d 89 d0 5d c3 66 0f 1f 84 00 00 00 00 00
2026-09-16T13:03:53.254914+01:00 11LSZbook kernel: RSP: 002b:00007ffc65141330 EFLAGS: 00000246 ORIG_RAX: 0000000000000010
2026-09-16T13:03:53.254914+01:00 11LSZbook kernel: RAX: ffffffffffffffda RBX: 000063e35c142830 RCX: 000079c132b0d7aa
2026-09-16T13:03:53.254915+01:00 11LSZbook kernel: RDX: 00007ffc65141350 RSI: 00000000c050473b RDI: 0000000000000006
2026-09-16T13:03:53.254915+01:00 11LSZbook kernel: RBP: 00007ffc65141330 R08: 0000000000000000 R09: 00007ffc65141778
2026-09-16T13:03:53.254916+01:00 11LSZbook kernel: R10: 0000000000000040 R11: 0000000000000246 R12: 0000000000000000
2026-09-16T13:03:53.254916+01:00 11LSZbook kernel: R13: 000063e35bf3f370 R14: 000063e35bf3c900 R15: 0000000000000000
2026-09-16T13:03:53.254917+01:00 11LSZbook kernel:  </TASK>
2026-09-16T13:03:53.254917+01:00 11LSZbook kernel: ---[ end trace 0000000000000000 ]---
2026-09-16T13:03:53.593490+01:00 11LSZbook kernel: misc dxg: dxgk: dxgkio_is_feature_enabled: Ioctl failed: -22
2026-09-16T13:03:53.671907+01:00 11LSZbook kernel: misc dxg: dxgk: dxgkio_query_adapter_info: Ioctl failed: -22
2026-09-16T13:03:53.687667+01:00 11LSZbook kernel: message repeated 2 times: [ misc dxg: dxgk: dxgkio_query_adapter_info: Ioctl failed: -22]
2026-09-16T13:03:53.717673+01:00 11LSZbook kernel: misc dxg: dxgk: dxgkio_query_adapter_info: Ioctl failed: -2
2026-09-16T13:03:53.759066+01:00 11LSZbook kernel: misc dxg: dxgk: dxgkio_query_adapter_info: Ioctl failed: -22
2026-09-16T13:03:53.774223+01:00 11LSZbook kernel: message repeated 2 times: [ misc dxg: dxgk: dxgkio_query_adapter_info: Ioctl failed: -22]
2026-09-16T13:03:53.780706+01:00 11LSZbook kernel: misc dxg: dxgk: dxgkio_query_adapter_info: Ioctl failed: -2
2026-09-16T13:04:07.788880+01:00 11LSZbook kernel: EXT4-fs (sde): unmounting filesystem b5ab0d4c-5f1e-4965-94e7-acda07f4b1d2.
2026-09-16T13:04:08.708981+01:00 11LSZbook kernel: EXT4-fs (sdf): unmounting filesystem de62f83d-5d77-47ad-99f0-fe1303dbf4a4.
2026-09-16T13:04:23.212890+01:00 11LSZbook kernel: EXT4-fs (sde): mounted filesystem b5ab0d4c-5f1e-4965-94e7-acda07f4b1d2 r/w with ordered data mode. Quota mode: none.
2026-09-16T13:04:23.496823+01:00 11LSZbook kernel: EXT4-fs (sdf): mounted filesystem de62f83d-5d77-47ad-99f0-fe1303dbf4a4 r/w with ordered data mode. Quota mode: none.
2026-09-16T13:04:23.561648+01:00 11LSZbook kernel: misc dxg: dxgk: dxgkio_is_feature_enabled: Ioctl failed: -22
2026-09-16T13:04:23.568975+01:00 11LSZbook kernel: misc dxg: dxgk: dxgkio_query_adapter_info: Ioctl failed: -22
2026-09-16T13:04:23.569014+01:00 11LSZbook kernel: message repeated 2 times: [ misc dxg: dxgk: dxgkio_query_adapter_info: Ioctl failed: -22]
2026-09-16T13:04:23.572882+01:00 11LSZbook kernel: misc dxg: dxgk: dxgkio_query_adapter_info: Ioctl failed: -2
2026-09-16T13:04:23.577287+01:00 11LSZbook kernel: misc dxg: dxgk: dxgkio_query_adapter_info: Ioctl failed: -22
2026-09-16T13:04:23.581053+01:00 11LSZbook kernel: message repeated 2 times: [ misc dxg: dxgk: dxgkio_query_adapter_info: Ioctl failed: -22]
2026-09-16T13:04:23.581063+01:00 11LSZbook kernel: misc dxg: dxgk: dxgkio_query_adapter_info: Ioctl failed: -2
2026-09-16T13:04:23.853664+01:00 11LSZbook kernel: misc dxg: dxgk: dxgkio_is_feature_enabled: Ioctl failed: -22
2026-09-16T13:04:23.853716+01:00 11LSZbook kernel: misc dxg: dxgk: dxgkio_query_adapter_info: Ioctl failed: -22
2026-09-16T13:04:23.857037+01:00 11LSZbook kernel: message repeated 2 times: [ misc dxg: dxgk: dxgkio_query_adapter_info: Ioctl failed: -22]
2026-09-16T13:04:23.857049+01:00 11LSZbook kernel: misc dxg: dxgk: dxgkio_query_adapter_info: Ioctl failed: -2
2026-09-16T13:04:23.860973+01:00 11LSZbook kernel: misc dxg: dxgk: dxgkio_query_adapter_info: Ioctl failed: -22
2026-09-16T13:04:23.861031+01:00 11LSZbook kernel: message repeated 2 times: [ misc dxg: dxgk: dxgkio_query_adapter_info: Ioctl failed: -22]
2026-09-16T13:04:23.861033+01:00 11LSZbook kernel: misc dxg: dxgk: dxgkio_query_adapter_info: Ioctl failed: -2
2026-09-16T13:04:38.512954+01:00 11LSZbook kernel: EXT4-fs (sde): unmounting filesystem b5ab0d4c-5f1e-4965-94e7-acda07f4b1d2.
2026-09-16T13:04:39.436882+01:00 11LSZbook kernel: EXT4-fs (sdf): unmounting filesystem de62f83d-5d77-47ad-99f0-fe1303dbf4a4.
2026-09-16T13:04:45.216897+01:00 11LSZbook kernel: EXT4-fs (sde): mounted filesystem b5ab0d4c-5f1e-4965-94e7-acda07f4b1d2 r/w with ordered data mode. Quota mode: none.
2026-09-16T13:04:45.424911+01:00 11LSZbook kernel: EXT4-fs (sdf): mounted filesystem de62f83d-5d77-47ad-99f0-fe1303dbf4a4 r/w with ordered data mode. Quota mode: none.
2026-09-16T13:04:45.480889+01:00 11LSZbook kernel: misc dxg: dxgk: dxgkio_is_feature_enabled: Ioctl failed: -22
2026-09-16T13:04:45.480926+01:00 11LSZbook kernel: misc dxg: dxgk: dxgkio_query_adapter_info: Ioctl failed: -22
2026-09-16T13:04:45.484899+01:00 11LSZbook kernel: message repeated 2 times: [ misc dxg: dxgk: dxgkio_query_adapter_info: Ioctl failed: -22]
2026-09-16T13:04:45.484900+01:00 11LSZbook kernel: misc dxg: dxgk: dxgkio_query_adapter_info: Ioctl failed: -2
2026-09-16T13:04:45.488996+01:00 11LSZbook kernel: misc dxg: dxgk: dxgkio_query_adapter_info: Ioctl failed: -22
2026-09-16T13:04:45.489053+01:00 11LSZbook kernel: message repeated 2 times: [ misc dxg: dxgk: dxgkio_query_adapter_info: Ioctl failed: -22]
2026-09-16T13:04:45.492889+01:00 11LSZbook kernel: misc dxg: dxgk: dxgkio_query_adapter_info: Ioctl failed: -2
2026-09-16T13:04:45.705081+01:00 11LSZbook kernel: misc dxg: dxgk: dxgkio_is_feature_enabled: Ioctl failed: -22
2026-09-16T13:04:45.705120+01:00 11LSZbook kernel: misc dxg: dxgk: dxgkio_query_adapter_info: Ioctl failed: -22
2026-09-16T13:04:45.705125+01:00 11LSZbook kernel: message repeated 2 times: [ misc dxg: dxgk: dxgkio_query_adapter_info: Ioctl failed: -22]
2026-09-16T13:04:45.709005+01:00 11LSZbook kernel: misc dxg: dxgk: dxgkio_query_adapter_info: Ioctl failed: -2
2026-09-16T13:04:45.709049+01:00 11LSZbook kernel: misc dxg: dxgk: dxgkio_query_adapter_info: Ioctl failed: -22
2026-09-16T13:04:45.712911+01:00 11LSZbook kernel: message repeated 2 times: [ misc dxg: dxgk: dxgkio_query_adapter_info: Ioctl failed: -22]
2026-09-16T13:04:45.712912+01:00 11LSZbook kernel: misc dxg: dxgk: dxgkio_query_adapter_info: Ioctl failed: -2
2026-09-16T13:05:00.408874+01:00 11LSZbook kernel: EXT4-fs (sde): unmounting filesystem b5ab0d4c-5f1e-4965-94e7-acda07f4b1d2.
2026-09-16T13:05:00.752850+01:00 11LSZbook kernel: EXT4-fs (sdf): unmounting filesystem de62f83d-5d77-47ad-99f0-fe1303dbf4a4.
